,Awards,Awards_Won,Awards_Nominated,Prime_Awards_Nominated,Oscar_Awards_Nominated,Golden_Globe_Awards_Nominated,BAFTA_Awards_Nominated,Prime_Awards_won,Oscar_Awards_won,Golden_Globe_Awards_won,BAFTA_Awards_won
0,1 win & 2 nominations.,1,2,0,0,0,0,0,0,0,0
1,1 win.,1,0,0,0,0,0,0,0,0,0
2,1 nomination.,0,1,0,0,0,0,0,0,0,0
3,3 wins & 2 nominations.,3,2,0,0,0,0,0,0,0,0
4,1 win & 1 nomination.,1,1,0,0,0,0,0,0,0,0
5,5 nominations.,0,5,0,0,0,0,0,0,0,0
6,2 wins & 5 nominations.,2,5,0,0,0,0,0,0,0,0
7,Nominated for 1 Oscar. Another 13 wins & 13 nominations.,13,14,0,1,0,0,0,0,0,0
8,5 wins & 4 nominations.,5,4,0,0,0,0,0,0,0,0
9,Nominated for 1 Golden Globe. Another 14 wins & 34 nominations.,14,35,0,0,1,0,0,0,0,0
10,3 wins & 2 nominations.,3,2,0,0,0,0,0,0,0,0
11,1 nomination.,0,1,0,0,0,0,0,0,0,0
12,5 nominations.,0,5,0,0,0,0,0,0,0,0
13,1 win & 2 nominations.,1,2,0,0,0,0,0,0,0,0
14,22 wins & 44 nominations.,22,44,0,0,0,0,0,0,0,0
15,1 win & 3 nominations.,1,3,0,0,0,0,0,0,0,0
16,1 win & 8 nominations.,1,8,0,0,0,0,0,0,0,0
17,2 nominations.,0,2,0,0,0,0,0,0,0,0
18,6 wins & 1 nomination.,6,1,0,0,0,0,0,0,0,0
19,Won 2 Golden Globes. Another 68 wins & 201 nominations.,70,201,0,0,0,0,0,0,2,0
20,Won 1 Golden Globe. Another 31 wins & 143 nominations.,32,143,0,0,0,0,0,0,1,0
21,Nominated for 4 Primetime Emmys. Another 16 nominations.,0,20,4,0,0,0,0,0,0,0
22,3 wins & 2 nominations.,3,2,0,0,0,0,0,0,0,0
23,3 wins & 6 nominations.,3,6,0,0,0,0,0,0,0,0
24,2 wins.,2,0,0,0,0,0,0,0,0,0
25,6 wins & 4 nominations.,6,4,0,0,0,0,0,0,0,0
26,7 wins & 6 nominations.,7,6,0,0,0,0,0,0,0,0
27,9 wins & 30 nominations.,9,30,0,0,0,0,0,0,0,0
28,Won 1 Primetime Emmy. Another 1 win & 6 nominations.,2,6,0,0,0,0,1,0,0,0
29,1 nomination.,0,1,0,0,0,0,0,0,0,0
30,Nominated for 3 BAFTA Film Awards. Another 11 wins & 39 nominations.,11,42,0,0,0,3,0,0,0,0
31,6 nominations.,0,6,0,0,0,0,0,0,0,0
32,1 win & 4 nominations.,1,4,0,0,0,0,0,0,0,0
33,2 wins & 5 nominations.,2,5,0,0,0,0,0,0,0,0
34,14 wins & 11 nominations.,14,11,0,0,0,0,0,0,0,0
35,1 win & 1 nomination.,1,1,0,0,0,0,0,0,0,0
36,1 win & 2 nominations.,1,2,0,0,0,0,0,0,0,0
37,2 nominations.,0,2,0,0,0,0,0,0,0,0
38,3 wins & 3 nominations.,3,3,0,0,0,0,0,0,0,0
39,Nominated for 1 Golden Globe. Another 2 wins & 14 nominations.,2,15,0,0,1,0,0,0,0,0
40,2 wins.,2,0,0,0,0,0,0,0,0,0
41,Nominated for 1 Primetime Emmy. Another 1 nomination.,0,2,1,0,0,0,0,0,0,0
42,3 wins & 1 nomination.,3,1,0,0,0,0,0,0,0,0
43,1 win & 1 nomination.,1,1,0,0,0,0,0,0,0,0
44,1 nomination.,0,1,0,0,0,0,0,0,0,0
45,2 wins.,2,0,0,0,0,0,0,0,0,0
46,1 nomination.,0,1,0,0,0,0,0,0,0,0
47,9 wins & 8 nominations.,9,8,0,0,0,0,0,0,0,0
48,1 win.,1,0,0,0,0,0,0,0,0,0
49,1 win.,1,0,0,0,0,0,0,0,0,0
50,15 wins & 4 nominations.,15,4,0,0,0,0,0,0,0,0
51,1 win.,1,0,0,0,0,0,0,0,0,0
52,1 win & 1 nomination.,1,1,0,0,0,0,0,0,0,0
53,3 wins & 6 nominations.,3,6,0,0,0,0,0,0,0,0
54,8 wins & 8 nominations.,8,8,0,0,0,0,0,0,0,0
55,2 nominations.,0,2,0,0,0,0,0,0,0,0
56,1 nomination.,0,1,0,0,0,0,0,0,0,0
57,1 win.,1,0,0,0,0,0,0,0,0,0
58,1 nomination.,0,1,0,0,0,0,0,0,0,0
59,2 wins.,2,0,0,0,0,0,0,0,0,0
60,1 win & 3 nominations.,1,3,0,0,0,0,0,0,0,0
61,1 win.,1,0,0,0,0,0,0,0,0,0
62,4 nominations.,0,4,0,0,0,0,0,0,0,0
63,4 wins.,4,0,0,0,0,0,0,0,0,0
64,1 win.,1,0,0,0,0,0,0,0,0,0
65,15 nominations.,0,15,0,0,0,0,0,0,0,0
66,2 wins.,2,0,0,0,0,0,0,0,0,0
67,2 wins.,2,0,0,0,0,0,0,0,0,0
68,1 nomination.,0,1,0,0,0,0,0,0,0,0
69,1 nomination.,0,1,0,0,0,0,0,0,0,0
70,7 wins & 7 nominations.,7,7,0,0,0,0,0,0,0,0
71,1 nomination.,0,1,0,0,0,0,0,0,0,0
72,1 win.,1,0,0,0,0,0,0,0,0,0
73,1 nomination.,0,1,0,0,0,0,0,0,0,0
74,1 win & 1 nomination.,1,1,0,0,0,0,0,0,0,0
75,1 nomination.,0,1,0,0,0,0,0,0,0,0
76,1 win.,1,0,0,0,0,0,0,0,0,0
77,2 wins.,2,0,0,0,0,0,0,0,0,0
78,4 wins & 9 nominations.,4,9,0,0,0,0,0,0,0,0
79,1 win & 1 nomination.,1,1,0,0,0,0,0,0,0,0
80,1 win.,1,0,0,0,0,0,0,0,0,0
81,Won 11 Oscars. Another 174 wins & 113 nominations.,185,113,0,0,0,0,0,11,0,0
82,4 wins & 11 nominations.,4,11,0,0,0,0,0,0,0,0
83,3 wins & 4 nominations.,3,4,0,0,0,0,0,0,0,0
84,1 win & 5 nominations.,1,5,0,0,0,0,0,0,0,0
85,2 wins & 2 nominations.,2,2,0,0,0,0,0,0,0,0
86,1 nomination.,0,1,0,0,0,0,0,0,0,0
87,Won 1 Oscar. Another 11 wins & 14 nominations.,12,14,0,0,0,0,0,1,0,0
88,Won 3 Primetime Emmys. Another 44 nominations.,3,44,0,0,0,0,3,0,0,0
89,1 win & 1 nomination.,1,1,0,0,0,0,0,0,0,0
90,2 nominations.,0,2,0,0,0,0,0,0,0,0
91,1 win.,1,0,0,0,0,0,0,0,0,0
92,Nominated for 7 Oscars. Another 6 wins & 36 nominations.,6,43,0,7,0,0,0,0,0,0
93,1 win & 6 nominations.,1,6,0,0,0,0,0,0,0,0
94,1 nomination.,0,1,0,0,0,0,0,0,0,0
95,1 nomination.,0,1,0,0,0,0,0,0,0,0
96,2 wins.,2,0,0,0,0,0,0,0,0,0
97,2 wins & 7 nominations.,2,7,0,0,0,0,0,0,0,0
98,14 wins & 22 nominations.,14,22,0,0,0,0,0,0,0,0
99,1 nomination.,0,1,0,0,0,0,0,0,0,0
100,1 win & 2 nominations.,1,2,0,0,0,0,0,0,0,0
101,1 nomination.,0,1,0,0,0,0,0,0,0,0
102,12 nominations.,0,12,0,0,0,0,0,0,0,0
103,5 wins & 34 nominations.,5,34,0,0,0,0,0,0,0,0
104,Nominated for 1 Primetime Emmy. Another 1 win & 2 nominations.,1,3,1,0,0,0,0,0,0,0
105,9 nominations.,0,9,0,0,0,0,0,0,0,0
106,8 nominations.,0,8,0,0,0,0,0,0,0,0
107,2 nominations.,0,2,0,0,0,0,0,0,0,0
108,1 nomination.,0,1,0,0,0,0,0,0,0,0
109,2 nominations.,0,2,0,0,0,0,0,0,0,0
110,1 win.,1,0,0,0,0,0,0,0,0,0
111,3 wins.,3,0,0,0,0,0,0,0,0,0
112,1 nomination.,0,1,0,0,0,0,0,0,0,0
113,1 win & 5 nominations.,1,5,0,0,0,0,0,0,0,0
114,2 nominations.,0,2,0,0,0,0,0,0,0,0
115,10 wins & 22 nominations.,10,22,0,0,0,0,0,0,0,0
116,1 nomination.,0,1,0,0,0,0,0,0,0,0
117,Nominated for 2 Golden Globes. Another 21 wins & 72 nominations.,21,74,0,0,2,0,0,0,0,0
118,1 nomination.,0,1,0,0,0,0,0,0,0,0
119,2 wins & 3 nominations.,2,3,0,0,0,0,0,0,0,0
120,1 win.,1,0,0,0,0,0,0,0,0,0
121,1 win.,1,0,0,0,0,0,0,0,0,0
122,1 win & 2 nominations.,1,2,0,0,0,0,0,0,0,0
123,2 wins & 1 nomination.,2,1,0,0,0,0,0,0,0,0
124,1 win.,1,0,0,0,0,0,0,0,0,0
125,2 wins & 10 nominations.,2,10,0,0,0,0,0,0,0,0
126,1 nomination.,0,1,0,0,0,0,0,0,0,0
127,1 nomination.,0,1,0,0,0,0,0,0,0,0
128,8 wins & 10 nominations.,8,10,0,0,0,0,0,0,0,0
129,2 wins & 5 nominations.,2,5,0,0,0,0,0,0,0,0
130,2 wins & 8 nominations.,2,8,0,0,0,0,0,0,0,0
131,2 wins & 2 nominations.,2,2,0,0,0,0,0,0,0,0
132,1 win & 1 nomination.,1,1,0,0,0,0,0,0,0,0
133,1 nomination.,0,1,0,0,0,0,0,0,0,0
134,6 wins & 2 nominations.,6,2,0,0,0,0,0,0,0,0
135,1 nomination.,0,1,0,0,0,0,0,0,0,0
136,1 nomination.,0,1,0,0,0,0,0,0,0,0
137,3 nominations.,0,3,0,0,0,0,0,0,0,0
138,14 wins & 17 nominations.,14,17,0,0,0,0,0,0,0,0
139,3 wins & 7 nominations.,3,7,0,0,0,0,0,0,0,0
140,2 nominations.,0,2,0,0,0,0,0,0,0,0
141,1 nomination.,0,1,0,0,0,0,0,0,0,0
142,5 wins & 2 nominations.,5,2,0,0,0,0,0,0,0,0
143,1 win.,1,0,0,0,0,0,0,0,0,0
144,1 win.,1,0,0,0,0,0,0,0,0,0
145,1 nomination.,0,1,0,0,0,0,0,0,0,0
146,1 nomination.,0,1,0,0,0,0,0,0,0,0
147,13 wins & 7 nominations.,13,7,0,0,0,0,0,0,0,0
148,1 win & 1 nomination.,1,1,0,0,0,0,0,0,0,0
149,1 win.,1,0,0,0,0,0,0,0,0,0
150,1 nomination.,0,1,0,0,0,0,0,0,0,0
151,3 nominations.,0,3,0,0,0,0,0,0,0,0
152,3 nominations.,0,3,0,0,0,0,0,0,0,0
153,2 wins & 5 nominations.,2,5,0,0,0,0,0,0,0,0
154,2 wins.,2,0,0,0,0,0,0,0,0,0
155,1 nomination.,0,1,0,0,0,0,0,0,0,0
156,1 win.,1,0,0,0,0,0,0,0,0,0
157,2 nominations.,0,2,0,0,0,0,0,0,0,0
158,1 win & 15 nominations.,1,15,0,0,0,0,0,0,0,0
159,1 win & 6 nominations.,1,6,0,0,0,0,0,0,0,0
160,1 win & 5 nominations.,1,5,0,0,0,0,0,0,0,0
161,3 wins & 3 nominations.,3,3,0,0,0,0,0,0,0,0
162,1 nomination.,0,1,0,0,0,0,0,0,0,0
163,5 nominations.,0,5,0,0,0,0,0,0,0,0
164,2 wins & 1 nomination.,2,1,0,0,0,0,0,0,0,0
165,6 wins & 6 nominations.,6,6,0,0,0,0,0,0,0,0
166,1 win & 1 nomination.,1,1,0,0,0,0,0,0,0,0
167,1 win.,1,0,0,0,0,0,0,0,0,0
168,1 nomination.,0,1,0,0,0,0,0,0,0,0
169,1 win.,1,0,0,0,0,0,0,0,0,0
170,1 nomination.,0,1,0,0,0,0,0,0,0,0
171,4 nominations.,0,4,0,0,0,0,0,0,0,0
172,1 nomination.,0,1,0,0,0,0,0,0,0,0
173,1 nomination.,0,1,0,0,0,0,0,0,0,0
174,1 nomination.,0,1,0,0,0,0,0,0,0,0
175,2 wins & 2 nominations.,2,2,0,0,0,0,0,0,0,0
176,1 win.,1,0,0,0,0,0,0,0,0,0
177,1 nomination.,0,1,0,0,0,0,0,0,0,0
178,2 wins & 1 nomination.,2,1,0,0,0,0,0,0,0,0
179,1 win.,1,0,0,0,0,0,0,0,0,0
180,Nominated for 1 Oscar. Another 25 wins & 51 nominations.,25,52,0,1,0,0,0,0,0,0
181,1 nomination.,0,1,0,0,0,0,0,0,0,0
182,8 wins & 20 nominations.,8,20,0,0,0,0,0,0,0,0
183,2 nominations.,0,2,0,0,0,0,0,0,0,0
184,4 nominations.,0,4,0,0,0,0,0,0,0,0
185,5 wins & 12 nominations.,5,12,0,0,0,0,0,0,0,0
186,3 wins.,3,0,0,0,0,0,0,0,0,0
187,1 win & 6 nominations.,1,6,0,0,0,0,0,0,0,0
188,7 wins & 5 nominations.,7,5,0,0,0,0,0,0,0,0
189,4 nominations.,0,4,0,0,0,0,0,0,0,0
190,2 nominations.,0,2,0,0,0,0,0,0,0,0
191,2 wins & 6 nominations.,2,6,0,0,0,0,0,0,0,0
192,1 win & 14 nominations.,1,14,0,0,0,0,0,0,0,0
193,Nominated for 3 Oscars. Another 13 wins & 40 nominations.,13,43,0,3,0,0,0,0,0,0
194,1 win & 2 nominations.,1,2,0,0,0,0,0,0,0,0
195,1 win & 1 nomination.,1,1,0,0,0,0,0,0,0,0
196,1 win & 9 nominations.,1,9,0,0,0,0,0,0,0,0
197,8 wins & 6 nominations.,8,6,0,0,0,0,0,0,0,0
198,1 nomination.,0,1,0,0,0,0,0,0,0,0
199,8 wins & 17 nominations.,8,17,0,0,0,0,0,0,0,0
200,4 wins & 1 nomination.,4,1,0,0,0,0,0,0,0,0
201,1 win & 1 nomination.,1,1,0,0,0,0,0,0,0,0
202,4 wins & 4 nominations.,4,4,0,0,0,0,0,0,0,0
203,5 wins.,5,0,0,0,0,0,0,0,0,0
204,27 wins & 31 nominations.,27,31,0,0,0,0,0,0,0,0
205,2 wins & 1 nomination.,2,1,0,0,0,0,0,0,0,0
206,1 nomination.,0,1,0,0,0,0,0,0,0,0
207,3 wins.,3,0,0,0,0,0,0,0,0,0
208,4 wins.,4,0,0,0,0,0,0,0,0,0
209,4 nominations.,0,4,0,0,0,0,0,0,0,0
210,5 wins.,5,0,0,0,0,0,0,0,0,0
211,2 wins & 5 nominations.,2,5,0,0,0,0,0,0,0,0
212,3 wins.,3,0,0,0,0,0,0,0,0,0
213,1 nomination.,0,1,0,0,0,0,0,0,0,0
214,1 win & 1 nomination.,1,1,0,0,0,0,0,0,0,0
215,Nominated for 1 Oscar. Another 11 wins & 24 nominations.,11,25,0,1,0,0,0,0,0,0
216,1 win.,1,0,0,0,0,0,0,0,0,0
217,3 nominations.,0,3,0,0,0,0,0,0,0,0
218,1 nomination.,0,1,0,0,0,0,0,0,0,0
219,1 nomination.,0,1,0,0,0,0,0,0,0,0
220,21 nominations.,0,21,0,0,0,0,0,0,0,0
221,4 nominations.,0,4,0,0,0,0,0,0,0,0
222,1 win & 2 nominations.,1,2,0,0,0,0,0,0,0,0
223,1 win.,1,0,0,0,0,0,0,0,0,0
224,7 wins & 9 nominations.,7,9,0,0,0,0,0,0,0,0
225,1 win.,1,0,0,0,0,0,0,0,0,0
226,3 wins & 32 nominations.,3,32,0,0,0,0,0,0,0,0
227,1 win.,1,0,0,0,0,0,0,0,0,0
228,2 wins & 1 nomination.,2,1,0,0,0,0,0,0,0,0
229,4 wins & 6 nominations.,4,6,0,0,0,0,0,0,0,0
230,2 wins.,2,0,0,0,0,0,0,0,0,0
231,4 nominations.,0,4,0,0,0,0,0,0,0,0
232,1 win.,1,0,0,0,0,0,0,0,0,0
233,2 wins.,2,0,0,0,0,0,0,0,0,0
234,2 nominations.,0,2,0,0,0,0,0,0,0,0
235,7 wins & 7 nominations.,7,7,0,0,0,0,0,0,0,0
236,2 wins & 1 nomination.,2,1,0,0,0,0,0,0,0,0
237,2 nominations.,0,2,0,0,0,0,0,0,0,0
238,1 win.,1,0,0,0,0,0,0,0,0,0
239,2 nominations.,0,2,0,0,0,0,0,0,0,0
240,1 nomination.,0,1,0,0,0,0,0,0,0,0
241,1 win & 1 nomination.,1,1,0,0,0,0,0,0,0,0
242,Won 6 Golden Globes. Another 80 wins & 310 nominations.,86,310,0,0,0,0,0,0,6,0
243,18 wins & 7 nominations.,18,7,0,0,0,0,0,0,0,0
244,1 win & 1 nomination.,1,1,0,0,0,0,0,0,0,0
245,Nominated for 3 Golden Globes. Another 3 wins & 23 nominations.,3,26,0,0,3,0,0,0,0,0
246,1 nomination.,0,1,0,0,0,0,0,0,0,0
247,1 win.,1,0,0,0,0,0,0,0,0,0
248,3 wins.,3,0,0,0,0,0,0,0,0,0
249,5 wins & 25 nominations.,5,25,0,0,0,0,0,0,0,0
250,3 wins.,3,0,0,0,0,0,0,0,0,0
251,1 nomination.,0,1,0,0,0,0,0,0,0,0
252,1 nomination.,0,1,0,0,0,0,0,0,0,0
253,1 nomination.,0,1,0,0,0,0,0,0,0,0
254,1 win & 1 nomination.,1,1,0,0,0,0,0,0,0,0
255,11 wins.,11,0,0,0,0,0,0,0,0,0
256,1 nomination.,0,1,0,0,0,0,0,0,0,0
257,2 nominations.,0,2,0,0,0,0,0,0,0,0
258,1 nomination.,0,1,0,0,0,0,0,0,0,0
259,4 wins & 1 nomination.,4,1,0,0,0,0,0,0,0,0
260,2 wins.,2,0,0,0,0,0,0,0,0,0
261,1 nomination.,0,1,0,0,0,0,0,0,0,0
262,1 nomination.,0,1,0,0,0,0,0,0,0,0
263,1 win & 1 nomination.,1,1,0,0,0,0,0,0,0,0
264,3 nominations.,0,3,0,0,0,0,0,0,0,0
265,1 win & 2 nominations.,1,2,0,0,0,0,0,0,0,0
266,2 wins.,2,0,0,0,0,0,0,0,0,0
267,6 wins & 1 nomination.,6,1,0,0,0,0,0,0,0,0
268,1 win.,1,0,0,0,0,0,0,0,0,0
269,5 wins & 9 nominations.,5,9,0,0,0,0,0,0,0,0
270,5 wins & 7 nominations.,5,7,0,0,0,0,0,0,0,0
271,1 win.,1,0,0,0,0,0,0,0,0,0
272,4 wins & 5 nominations.,4,5,0,0,0,0,0,0,0,0
273,4 nominations.,0,4,0,0,0,0,0,0,0,0
274,1 win & 4 nominations.,1,4,0,0,0,0,0,0,0,0
275,1 win & 1 nomination.,1,1,0,0,0,0,0,0,0,0
276,1 win.,1,0,0,0,0,0,0,0,0,0
277,1 win.,1,0,0,0,0,0,0,0,0,0
278,4 wins.,4,0,0,0,0,0,0,0,0,0
279,1 nomination.,0,1,0,0,0,0,0,0,0,0
280,1 win.,1,0,0,0,0,0,0,0,0,0
281,1 nomination.,0,1,0,0,0,0,0,0,0,0
282,2 nominations.,0,2,0,0,0,0,0,0,0,0
283,36 wins & 20 nominations.,36,20,0,0,0,0,0,0,0,0
284,1 win & 1 nomination.,1,1,0,0,0,0,0,0,0,0
285,12 nominations.,0,12,0,0,0,0,0,0,0,0
286,1 win.,1,0,0,0,0,0,0,0,0,0
287,3 nominations.,0,3,0,0,0,0,0,0,0,0
288,5 wins & 6 nominations.,5,6,0,0,0,0,0,0,0,0
289,1 win & 5 nominations.,1,5,0,0,0,0,0,0,0,0
290,1 win & 5 nominations.,1,5,0,0,0,0,0,0,0,0
291,1 win & 1 nomination.,1,1,0,0,0,0,0,0,0,0
292,4 wins & 1 nomination.,4,1,0,0,0,0,0,0,0,0
293,1 win.,1,0,0,0,0,0,0,0,0,0
294,2 wins & 19 nominations.,2,19,0,0,0,0,0,0,0,0
295,4 nominations.,0,4,0,0,0,0,0,0,0,0
296,Nominated for 2 Oscars. Another 23 wins & 99 nominations.,23,101,0,2,0,0,0,0,0,0
297,1 nomination.,0,1,0,0,0,0,0,0,0,0
298,3 wins & 6 nominations.,3,6,0,0,0,0,0,0,0,0
299,1 win.,1,0,0,0,0,0,0,0,0,0
300,1 win.,1,0,0,0,0,0,0,0,0,0
301,10 wins & 24 nominations.,10,24,0,0,0,0,0,0,0,0
302,1 nomination.,0,1,0,0,0,0,0,0,0,0
303,26 wins & 18 nominations.,26,18,0,0,0,0,0,0,0,0
304,1 nomination.,0,1,0,0,0,0,0,0,0,0
305,2 wins & 3 nominations.,2,3,0,0,0,0,0,0,0,0
306,2 nominations.,0,2,0,0,0,0,0,0,0,0
307,Nominated for 5 Oscars. Another 26 wins & 88 nominations.,26,93,0,5,0,0,0,0,0,0
308,1 win & 2 nominations.,1,2,0,0,0,0,0,0,0,0
309,1 win & 4 nominations.,1,4,0,0,0,0,0,0,0,0
310,1 win & 1 nomination.,1,1,0,0,0,0,0,0,0,0
311,3 nominations.,0,3,0,0,0,0,0,0,0,0
312,3 wins & 1 nomination.,3,1,0,0,0,0,0,0,0,0
313,1 win & 1 nomination.,1,1,0,0,0,0,0,0,0,0
314,1 nomination.,0,1,0,0,0,0,0,0,0,0
315,Nominated for 1 Oscar. Another 2 wins & 4 nominations.,2,5,0,1,0,0,0,0,0,0
316,1 win.,1,0,0,0,0,0,0,0,0,0
317,5 nominations.,0,5,0,0,0,0,0,0,0,0
318,1 win & 2 nominations.,1,2,0,0,0,0,0,0,0,0
319,1 nomination.,0,1,0,0,0,0,0,0,0,0
320,4 nominations.,0,4,0,0,0,0,0,0,0,0
321,2 wins & 1 nomination.,2,1,0,0,0,0,0,0,0,0
322,1 nomination.,0,1,0,0,0,0,0,0,0,0
323,3 wins & 1 nomination.,3,1,0,0,0,0,0,0,0,0
324,1 win & 1 nomination.,1,1,0,0,0,0,0,0,0,0
325,2 wins.,2,0,0,0,0,0,0,0,0,0
326,1 nomination.,0,1,0,0,0,0,0,0,0,0
327,1 win & 9 nominations.,1,9,0,0,0,0,0,0,0,0
328,2 wins & 1 nomination.,2,1,0,0,0,0,0,0,0,0
329,1 nomination.,0,1,0,0,0,0,0,0,0,0
330,Nominated for 1 Oscar. Another 2 wins & 14 nominations.,2,15,0,1,0,0,0,0,0,0
331,28 wins & 16 nominations.,28,16,0,0,0,0,0,0,0,0
332,1 win & 1 nomination.,1,1,0,0,0,0,0,0,0,0
333,1 win.,1,0,0,0,0,0,0,0,0,0
334,1 win & 2 nominations.,1,2,0,0,0,0,0,0,0,0
335,Won 1 Golden Globe. Another 10 wins & 57 nominations.,11,57,0,0,0,0,0,0,1,0
336,1 win & 6 nominations.,1,6,0,0,0,0,0,0,0,0
337,1 win & 1 nomination.,1,1,0,0,0,0,0,0,0,0
338,1 win.,1,0,0,0,0,0,0,0,0,0
339,2 wins & 2 nominations.,2,2,0,0,0,0,0,0,0,0
340,8 wins & 6 nominations.,8,6,0,0,0,0,0,0,0,0
341,1 win.,1,0,0,0,0,0,0,0,0,0
342,2 wins.,2,0,0,0,0,0,0,0,0,0
343,1 win.,1,0,0,0,0,0,0,0,0,0
344,5 wins & 2 nominations.,5,2,0,0,0,0,0,0,0,0
345,1 nomination.,0,1,0,0,0,0,0,0,0,0
346,2 nominations.,0,2,0,0,0,0,0,0,0,0
347,3 wins.,3,0,0,0,0,0,0,0,0,0
348,1 win & 3 nominations.,1,3,0,0,0,0,0,0,0,0
349,3 wins.,3,0,0,0,0,0,0,0,0,0
350,1 win & 6 nominations.,1,6,0,0,0,0,0,0,0,0
351,2 wins & 17 nominations.,2,17,0,0,0,0,0,0,0,0
352,1 win.,1,0,0,0,0,0,0,0,0,0
353,6 wins & 4 nominations.,6,4,0,0,0,0,0,0,0,0
354,1 win.,1,0,0,0,0,0,0,0,0,0
355,1 nomination.,0,1,0,0,0,0,0,0,0,0
356,1 nomination.,0,1,0,0,0,0,0,0,0,0
357,2 wins & 10 nominations.,2,10,0,0,0,0,0,0,0,0
358,26 wins & 24 nominations.,26,24,0,0,0,0,0,0,0,0
359,1 win.,1,0,0,0,0,0,0,0,0,0
360,1 win.,1,0,0,0,0,0,0,0,0,0
361,2 nominations.,0,2,0,0,0,0,0,0,0,0
362,1 nomination.,0,1,0,0,0,0,0,0,0,0
363,1 win.,1,0,0,0,0,0,0,0,0,0
364,1 win.,1,0,0,0,0,0,0,0,0,0
365,1 win.,1,0,0,0,0,0,0,0,0,0
366,Won 1 Primetime Emmy. Another 3 wins & 3 nominations.,4,3,0,0,0,0,1,0,0,0
367,2 wins.,2,0,0,0,0,0,0,0,0,0
368,1 win.,1,0,0,0,0,0,0,0,0,0
369,2 nominations.,0,2,0,0,0,0,0,0,0,0
370,2 wins.,2,0,0,0,0,0,0,0,0,0
371,3 nominations.,0,3,0,0,0,0,0,0,0,0
372,Nominated for 1 Oscar. Another 5 wins & 1 nomination.,5,2,0,1,0,0,0,0,0,0
373,Nominated for 1 Oscar. Another 1 win.,1,1,0,1,0,0,0,0,0,0
374,2 nominations.,0,2,0,0,0,0,0,0,0,0
375,2 wins.,2,0,0,0,0,0,0,0,0,0
376,1 win.,1,0,0,0,0,0,0,0,0,0
377,1 win & 1 nomination.,1,1,0,0,0,0,0,0,0,0
378,1 win & 4 nominations.,1,4,0,0,0,0,0,0,0,0
379,3 wins.,3,0,0,0,0,0,0,0,0,0
380,2 wins.,2,0,0,0,0,0,0,0,0,0
381,1 nomination.,0,1,0,0,0,0,0,0,0,0
382,1 nomination.,0,1,0,0,0,0,0,0,0,0
383,1 win & 3 nominations.,1,3,0,0,0,0,0,0,0,0
384,1 nomination.,0,1,0,0,0,0,0,0,0,0
385,1 nomination.,0,1,0,0,0,0,0,0,0,0
386,5 nominations.,0,5,0,0,0,0,0,0,0,0
387,1 win.,1,0,0,0,0,0,0,0,0,0
388,2 wins & 4 nominations.,2,4,0,0,0,0,0,0,0,0
389,1 nomination.,0,1,0,0,0,0,0,0,0,0
390,Won 6 Oscars. Another 48 wins & 28 nominations.,54,28,0,0,0,0,0,6,0,0
391,12 wins & 20 nominations.,12,20,0,0,0,0,0,0,0,0
392,1 win & 9 nominations.,1,9,0,0,0,0,0,0,0,0
393,2 nominations.,0,2,0,0,0,0,0,0,0,0
394,Nominated for 2 Golden Globes. Another 1 win & 4 nominations.,1,6,0,0,2,0,0,0,0,0
395,4 wins & 12 nominations.,4,12,0,0,0,0,0,0,0,0
396,Nominated for 4 Oscars. Another 28 wins & 116 nominations.,28,120,0,4,0,0,0,0,0,0
397,Won 1 Oscar. Another 7 wins & 29 nominations.,8,29,0,0,0,0,0,1,0,0
398,Nominated for 2 Oscars. Another 25 wins & 58 nominations.,25,60,0,2,0,0,0,0,0,0
399,1 win.,1,0,0,0,0,0,0,0,0,0
400,2 nominations.,0,2,0,0,0,0,0,0,0,0
401,1 win & 1 nomination.,1,1,0,0,0,0,0,0,0,0
402,2 wins & 1 nomination.,2,1,0,0,0,0,0,0,0,0
403,6 wins & 10 nominations.,6,10,0,0,0,0,0,0,0,0
404,Won 1 Golden Globe. Another 5 wins & 17 nominations.,6,17,0,0,0,0,0,0,1,0
405,1 nomination.,0,1,0,0,0,0,0,0,0,0
406,2 wins.,2,0,0,0,0,0,0,0,0,0
407,1 win.,1,0,0,0,0,0,0,0,0,0
408,2 wins & 3 nominations.,2,3,0,0,0,0,0,0,0,0
409,1 nomination.,0,1,0,0,0,0,0,0,0,0
410,1 win.,1,0,0,0,0,0,0,0,0,0
411,Nominated for 3 Golden Globes. Another 1 win & 25 nominations.,1,28,0,0,3,0,0,0,0,0
412,1 win & 7 nominations.,1,7,0,0,0,0,0,0,0,0
413,3 wins.,3,0,0,0,0,0,0,0,0,0
414,1 nomination.,0,1,0,0,0,0,0,0,0,0
415,2 nominations.,0,2,0,0,0,0,0,0,0,0
416,5 wins & 1 nomination.,5,1,0,0,0,0,0,0,0,0
417,1 win.,1,0,0,0,0,0,0,0,0,0
418,7 nominations.,0,7,0,0,0,0,0,0,0,0
419,2 wins & 2 nominations.,2,2,0,0,0,0,0,0,0,0
420,1 win.,1,0,0,0,0,0,0,0,0,0
421,2 nominations.,0,2,0,0,0,0,0,0,0,0
422,2 nominations.,0,2,0,0,0,0,0,0,0,0
423,1 nomination.,0,1,0,0,0,0,0,0,0,0
424,4 nominations.,0,4,0,0,0,0,0,0,0,0
425,Nominated for 1 Primetime Emmy. Another 4 wins & 17 nominations.,4,18,1,0,0,0,0,0,0,0
426,1 nomination.,0,1,0,0,0,0,0,0,0,0
427,2 wins & 10 nominations.,2,10,0,0,0,0,0,0,0,0
428,1 nomination.,0,1,0,0,0,0,0,0,0,0
429,1 win & 1 nomination.,1,1,0,0,0,0,0,0,0,0
430,2 wins & 8 nominations.,2,8,0,0,0,0,0,0,0,0
431,1 nomination.,0,1,0,0,0,0,0,0,0,0
432,1 win & 1 nomination.,1,1,0,0,0,0,0,0,0,0
433,3 wins & 10 nominations.,3,10,0,0,0,0,0,0,0,0
434,Nominated for 2 Primetime Emmys. Another 8 wins & 14 nominations.,8,16,2,0,0,0,0,0,0,0
435,1 win.,1,0,0,0,0,0,0,0,0,0
436,1 nomination.,0,1,0,0,0,0,0,0,0,0
437,4 wins & 9 nominations.,4,9,0,0,0,0,0,0,0,0
438,1 win.,1,0,0,0,0,0,0,0,0,0
439,3 nominations.,0,3,0,0,0,0,0,0,0,0
440,1 nomination.,0,1,0,0,0,0,0,0,0,0
441,1 win & 7 nominations.,1,7,0,0,0,0,0,0,0,0
442,7 wins & 8 nominations.,7,8,0,0,0,0,0,0,0,0
443,1 nomination.,0,1,0,0,0,0,0,0,0,0
444,1 win.,1,0,0,0,0,0,0,0,0,0
445,1 win & 2 nominations.,1,2,0,0,0,0,0,0,0,0
446,1 win & 3 nominations.,1,3,0,0,0,0,0,0,0,0
447,1 nomination.,0,1,0,0,0,0,0,0,0,0
448,1 nomination.,0,1,0,0,0,0,0,0,0,0
449,1 win.,1,0,0,0,0,0,0,0,0,0
450,11 wins & 6 nominations.,11,6,0,0,0,0,0,0,0,0
451,1 win.,1,0,0,0,0,0,0,0,0,0
452,1 nomination.,0,1,0,0,0,0,0,0,0,0
453,1 nomination.,0,1,0,0,0,0,0,0,0,0
454,8 wins & 17 nominations.,8,17,0,0,0,0,0,0,0,0
455,1 win.,1,0,0,0,0,0,0,0,0,0
456,4 nominations.,0,4,0,0,0,0,0,0,0,0
457,1 win & 12 nominations.,1,12,0,0,0,0,0,0,0,0
458,1 nomination.,0,1,0,0,0,0,0,0,0,0
459,6 nominations.,0,6,0,0,0,0,0,0,0,0
460,9 nominations.,0,9,0,0,0,0,0,0,0,0
461,1 win & 1 nomination.,1,1,0,0,0,0,0,0,0,0
462,1 nomination.,0,1,0,0,0,0,0,0,0,0
463,1 nomination.,0,1,0,0,0,0,0,0,0,0
464,Nominated for 1 Primetime Emmy. Another 1 win & 2 nominations.,1,3,1,0,0,0,0,0,0,0
465,3 nominations.,0,3,0,0,0,0,0,0,0,0
466,1 win & 1 nomination.,1,1,0,0,0,0,0,0,0,0
467,1 nomination.,0,1,0,0,0,0,0,0,0,0
468,5 wins & 11 nominations.,5,11,0,0,0,0,0,0,0,0
469,3 wins & 11 nominations.,3,11,0,0,0,0,0,0,0,0
470,4 wins & 7 nominations.,4,7,0,0,0,0,0,0,0,0
471,1 win & 1 nomination.,1,1,0,0,0,0,0,0,0,0
472,1 nomination.,0,1,0,0,0,0,0,0,0,0
473,6 wins & 11 nominations.,6,11,0,0,0,0,0,0,0,0
474,1 win.,1,0,0,0,0,0,0,0,0,0
475,1 win.,1,0,0,0,0,0,0,0,0,0
476,1 nomination.,0,1,0,0,0,0,0,0,0,0
477,1 nomination.,0,1,0,0,0,0,0,0,0,0
478,4 wins.,4,0,0,0,0,0,0,0,0,0
479,1 win & 3 nominations.,1,3,0,0,0,0,0,0,0,0
480,5 nominations.,0,5,0,0,0,0,0,0,0,0
481,1 nomination.,0,1,0,0,0,0,0,0,0,0
482,1 nomination.,0,1,0,0,0,0,0,0,0,0
483,1 win.,1,0,0,0,0,0,0,0,0,0
484,4 nominations.,0,4,0,0,0,0,0,0,0,0
485,1 win.,1,0,0,0,0,0,0,0,0,0
486,3 wins & 7 nominations.,3,7,0,0,0,0,0,0,0,0
487,1 nomination.,0,1,0,0,0,0,0,0,0,0
488,1 win.,1,0,0,0,0,0,0,0,0,0
489,1 nomination.,0,1,0,0,0,0,0,0,0,0
490,1 win & 1 nomination.,1,1,0,0,0,0,0,0,0,0
491,2 wins.,2,0,0,0,0,0,0,0,0,0
492,3 nominations.,0,3,0,0,0,0,0,0,0,0
493,1 nomination.,0,1,0,0,0,0,0,0,0,0
494,4 nominations.,0,4,0,0,0,0,0,0,0,0
495,5 nominations.,0,5,0,0,0,0,0,0,0,0
496,1 nomination.,0,1,0,0,0,0,0,0,0,0
497,2 wins & 4 nominations.,2,4,0,0,0,0,0,0,0,0
498,Nominated for 1 Oscar. Another 7 wins & 42 nominations.,7,43,0,1,0,0,0,0,0,0
499,Nominated for 1 Oscar. Another 34 wins & 75 nominations.,34,76,0,1,0,0,0,0,0,0
500,Won 3 Oscars. Another 92 wins & 150 nominations.,95,150,0,0,0,0,0,3,0,0
501,1 win.,1,0,0,0,0,0,0,0,0,0
502,Nominated for 3 Oscars. Another 46 wins & 87 nominations.,46,90,0,3,0,0,0,0,0,0
503,1 nomination.,0,1,0,0,0,0,0,0,0,0
504,20 wins & 35 nominations.,20,35,0,0,0,0,0,0,0,0
505,11 wins & 21 nominations.,11,21,0,0,0,0,0,0,0,0
506,2 wins & 3 nominations.,2,3,0,0,0,0,0,0,0,0
507,Nominated for 3 Oscars. Another 34 wins & 88 nominations.,34,91,0,3,0,0,0,0,0,0
508,1 win & 4 nominations.,1,4,0,0,0,0,0,0,0,0
509,2 wins & 1 nomination.,2,1,0,0,0,0,0,0,0,0
510,22 wins & 68 nominations.,22,68,0,0,0,0,0,0,0,0
511,1 win & 4 nominations.,1,4,0,0,0,0,0,0,0,0
512,32 wins & 86 nominations.,32,86,0,0,0,0,0,0,0,0
513,2 wins & 1 nomination.,2,1,0,0,0,0,0,0,0,0
514,1 win & 2 nominations.,1,2,0,0,0,0,0,0,0,0
515,2 wins & 4 nominations.,2,4,0,0,0,0,0,0,0,0
516,1 win & 1 nomination.,1,1,0,0,0,0,0,0,0,0
517,8 wins & 19 nominations.,8,19,0,0,0,0,0,0,0,0
518,1 win & 12 nominations.,1,12,0,0,0,0,0,0,0,0
519,1 nomination.,0,1,0,0,0,0,0,0,0,0
520,2 wins & 1 nomination.,2,1,0,0,0,0,0,0,0,0
521,Nominated for 1 Oscar. Another 13 wins & 26 nominations.,13,27,0,1,0,0,0,0,0,0
522,11 wins & 62 nominations.,11,62,0,0,0,0,0,0,0,0
523,3 wins & 2 nominations.,3,2,0,0,0,0,0,0,0,0
524,1 win & 1 nomination.,1,1,0,0,0,0,0,0,0,0
525,1 win.,1,0,0,0,0,0,0,0,0,0
526,1 win & 1 nomination.,1,1,0,0,0,0,0,0,0,0
527,2 nominations.,0,2,0,0,0,0,0,0,0,0
528,5 wins & 6 nominations.,5,6,0,0,0,0,0,0,0,0
529,1 win & 1 nomination.,1,1,0,0,0,0,0,0,0,0
530,2 wins & 6 nominations.,2,6,0,0,0,0,0,0,0,0
531,2 wins & 2 nominations.,2,2,0,0,0,0,0,0,0,0
532,1 win & 1 nomination.,1,1,0,0,0,0,0,0,0,0
533,1 win.,1,0,0,0,0,0,0,0,0,0
534,1 nomination.,0,1,0,0,0,0,0,0,0,0
535,1 nomination.,0,1,0,0,0,0,0,0,0,0
536,2 nominations.,0,2,0,0,0,0,0,0,0,0
537,1 win & 1 nomination.,1,1,0,0,0,0,0,0,0,0
538,7 wins & 12 nominations.,7,12,0,0,0,0,0,0,0,0
539,3 wins & 2 nominations.,3,2,0,0,0,0,0,0,0,0
540,1 nomination.,0,1,0,0,0,0,0,0,0,0
541,3 wins & 9 nominations.,3,9,0,0,0,0,0,0,0,0
542,4 nominations.,0,4,0,0,0,0,0,0,0,0
543,1 nomination.,0,1,0,0,0,0,0,0,0,0
544,1 nomination.,0,1,0,0,0,0,0,0,0,0
545,1 win.,1,0,0,0,0,0,0,0,0,0
546,3 nominations.,0,3,0,0,0,0,0,0,0,0
547,2 nominations.,0,2,0,0,0,0,0,0,0,0
548,Nominated for 2 Primetime Emmys. Another 1 win & 1 nomination.,1,3,2,0,0,0,0,0,0,0
549,1 win & 2 nominations.,1,2,0,0,0,0,0,0,0,0
550,9 wins & 2 nominations.,9,2,0,0,0,0,0,0,0,0
551,Won 1 Primetime Emmy. Another 2 wins & 20 nominations.,3,20,0,0,0,0,1,0,0,0
552,2 wins.,2,0,0,0,0,0,0,0,0,0
553,1 nomination.,0,1,0,0,0,0,0,0,0,0
554,1 nomination.,0,1,0,0,0,0,0,0,0,0
555,Nominated for 1 Primetime Emmy. Another 1 win & 26 nominations.,1,27,1,0,0,0,0,0,0,0
556,1 win.,1,0,0,0,0,0,0,0,0,0
557,1 nomination.,0,1,0,0,0,0,0,0,0,0
558,2 wins & 1 nomination.,2,1,0,0,0,0,0,0,0,0
559,3 nominations.,0,3,0,0,0,0,0,0,0,0
560,2 nominations.,0,2,0,0,0,0,0,0,0,0
561,3 wins & 13 nominations.,3,13,0,0,0,0,0,0,0,0
562,1 nomination.,0,1,0,0,0,0,0,0,0,0
563,3 wins & 1 nomination.,3,1,0,0,0,0,0,0,0,0
564,6 wins & 13 nominations.,6,13,0,0,0,0,0,0,0,0
565,1 win.,1,0,0,0,0,0,0,0,0,0
566,3 wins & 2 nominations.,3,2,0,0,0,0,0,0,0,0
567,1 win & 2 nominations.,1,2,0,0,0,0,0,0,0,0
568,1 nomination.,0,1,0,0,0,0,0,0,0,0
569,2 wins & 6 nominations.,2,6,0,0,0,0,0,0,0,0
570,2 nominations.,0,2,0,0,0,0,0,0,0,0
571,1 win & 1 nomination.,1,1,0,0,0,0,0,0,0,0
572,1 win.,1,0,0,0,0,0,0,0,0,0
573,10 wins & 5 nominations.,10,5,0,0,0,0,0,0,0,0
574,1 win.,1,0,0,0,0,0,0,0,0,0
575,1 nomination.,0,1,0,0,0,0,0,0,0,0
576,2 nominations.,0,2,0,0,0,0,0,0,0,0
577,1 win.,1,0,0,0,0,0,0,0,0,0
578,2 nominations.,0,2,0,0,0,0,0,0,0,0
579,2 wins & 1 nomination.,2,1,0,0,0,0,0,0,0,0
580,2 nominations.,0,2,0,0,0,0,0,0,0,0
581,1 win.,1,0,0,0,0,0,0,0,0,0
582,1 win.,1,0,0,0,0,0,0,0,0,0
583,1 nomination.,0,1,0,0,0,0,0,0,0,0
584,1 win & 1 nomination.,1,1,0,0,0,0,0,0,0,0
585,4 wins.,4,0,0,0,0,0,0,0,0,0
586,Won 1 Primetime Emmy. Another 3 wins & 11 nominations.,4,11,0,0,0,0,1,0,0,0
587,2 wins & 5 nominations.,2,5,0,0,0,0,0,0,0,0
588,1 win.,1,0,0,0,0,0,0,0,0,0
589,1 win.,1,0,0,0,0,0,0,0,0,0
590,1 win.,1,0,0,0,0,0,0,0,0,0
591,1 nomination.,0,1,0,0,0,0,0,0,0,0
592,3 nominations.,0,3,0,0,0,0,0,0,0,0
593,6 nominations.,0,6,0,0,0,0,0,0,0,0
594,4 wins & 4 nominations.,4,4,0,0,0,0,0,0,0,0
595,1 nomination.,0,1,0,0,0,0,0,0,0,0
596,2 wins.,2,0,0,0,0,0,0,0,0,0
597,1 win.,1,0,0,0,0,0,0,0,0,0
598,1 win & 2 nominations.,1,2,0,0,0,0,0,0,0,0
599,2 nominations.,0,2,0,0,0,0,0,0,0,0
600,2 wins & 27 nominations.,2,27,0,0,0,0,0,0,0,0
601,1 nomination.,0,1,0,0,0,0,0,0,0,0
602,3 wins & 1 nomination.,3,1,0,0,0,0,0,0,0,0
603,2 wins.,2,0,0,0,0,0,0,0,0,0
604,1 win.,1,0,0,0,0,0,0,0,0,0
605,Won 1 Primetime Emmy. Another 4 nominations.,1,4,0,0,0,0,1,0,0,0
606,1 win.,1,0,0,0,0,0,0,0,0,0
607,2 wins & 4 nominations.,2,4,0,0,0,0,0,0,0,0
608,1 win.,1,0,0,0,0,0,0,0,0,0
609,13 wins & 7 nominations.,13,7,0,0,0,0,0,0,0,0
610,2 wins & 5 nominations.,2,5,0,0,0,0,0,0,0,0
611,3 wins.,3,0,0,0,0,0,0,0,0,0
612,2 wins & 5 nominations.,2,5,0,0,0,0,0,0,0,0
613,1 nomination.,0,1,0,0,0,0,0,0,0,0
614,2 nominations.,0,2,0,0,0,0,0,0,0,0
615,13 wins & 5 nominations.,13,5,0,0,0,0,0,0,0,0
616,2 nominations.,0,2,0,0,0,0,0,0,0,0
617,1 nomination.,0,1,0,0,0,0,0,0,0,0
618,1 win & 1 nomination.,1,1,0,0,0,0,0,0,0,0
619,4 wins & 16 nominations.,4,16,0,0,0,0,0,0,0,0
620,3 nominations.,0,3,0,0,0,0,0,0,0,0
621,1 nomination.,0,1,0,0,0,0,0,0,0,0
622,1 win.,1,0,0,0,0,0,0,0,0,0
623,1 win.,1,0,0,0,0,0,0,0,0,0
624,1 win & 4 nominations.,1,4,0,0,0,0,0,0,0,0
625,1 nomination.,0,1,0,0,0,0,0,0,0,0
626,1 win & 1 nomination.,1,1,0,0,0,0,0,0,0,0
627,2 wins & 2 nominations.,2,2,0,0,0,0,0,0,0,0
628,4 nominations.,0,4,0,0,0,0,0,0,0,0
629,1 nomination.,0,1,0,0,0,0,0,0,0,0
630,1 nomination.,0,1,0,0,0,0,0,0,0,0
631,1 win & 1 nomination.,1,1,0,0,0,0,0,0,0,0
632,6 nominations.,0,6,0,0,0,0,0,0,0,0
633,1 nomination.,0,1,0,0,0,0,0,0,0,0
634,1 nomination.,0,1,0,0,0,0,0,0,0,0
635,1 nomination.,0,1,0,0,0,0,0,0,0,0
636,1 nomination.,0,1,0,0,0,0,0,0,0,0
637,2 nominations.,0,2,0,0,0,0,0,0,0,0
638,1 nomination.,0,1,0,0,0,0,0,0,0,0
639,1 nomination.,0,1,0,0,0,0,0,0,0,0
640,1 nomination.,0,1,0,0,0,0,0,0,0,0
641,Nominated for 1 Primetime Emmy. Another 3 nominations.,0,4,1,0,0,0,0,0,0,0
642,1 nomination.,0,1,0,0,0,0,0,0,0,0
643,1 nomination.,0,1,0,0,0,0,0,0,0,0
644,Won 2 Primetime Emmys. Another 2 nominations.,2,2,0,0,0,0,2,0,0,0
645,1 nomination.,0,1,0,0,0,0,0,0,0,0
646,1 win & 2 nominations.,1,2,0,0,0,0,0,0,0,0
647,3 nominations.,0,3,0,0,0,0,0,0,0,0
648,1 nomination.,0,1,0,0,0,0,0,0,0,0
649,1 nomination.,0,1,0,0,0,0,0,0,0,0
650,1 nomination.,0,1,0,0,0,0,0,0,0,0
651,1 nomination.,0,1,0,0,0,0,0,0,0,0
652,1 nomination.,0,1,0,0,0,0,0,0,0,0
653,1 nomination.,0,1,0,0,0,0,0,0,0,0
654,1 nomination.,0,1,0,0,0,0,0,0,0,0
655,1 win & 1 nomination.,1,1,0,0,0,0,0,0,0,0
656,2 nominations.,0,2,0,0,0,0,0,0,0,0
657,Won 1 Oscar. Another 13 wins & 7 nominations.,14,7,0,0,0,0,0,1,0,0
658,Won 1 Oscar. Another 13 wins & 7 nominations.,14,7,0,0,0,0,0,1,0,0
659,Won 3 Golden Globes. Another 13 wins & 19 nominations.,16,19,0,0,0,0,0,0,3,0
660,Won 6 Oscars. Another 48 wins & 28 nominations.,54,28,0,0,0,0,0,6,0,0
661,1 win & 2 nominations.,1,2,0,0,0,0,0,0,0,0
662,1 win.,1,0,0,0,0,0,0,0,0,0
663,1 win.,1,0,0,0,0,0,0,0,0,0
664,Won 18 Primetime Emmys. Another 16 wins & 60 nominations.,34,60,0,0,0,0,18,0,0,0
665,Nominated for 1 Golden Globe. Another 4 wins & 5 nominations.,4,6,0,0,1,0,0,0,0,0
666,5 wins & 16 nominations.,5,16,0,0,0,0,0,0,0,0
667,1 nomination.,0,1,0,0,0,0,0,0,0,0
668,6 wins & 5 nominations.,6,5,0,0,0,0,0,0,0,0
669,5 nominations.,0,5,0,0,0,0,0,0,0,0
670,2 nominations.,0,2,0,0,0,0,0,0,0,0
671,Won 3 Primetime Emmys. Another 34 wins & 89 nominations.,37,89,0,0,0,0,3,0,0,0
672,Nominated for 3 Oscars. Another 19 wins & 40 nominations.,19,43,0,3,0,0,0,0,0,0
673,2 wins & 4 nominations.,2,4,0,0,0,0,0,0,0,0
674,1 win & 7 nominations.,1,7,0,0,0,0,0,0,0,0
675,Nominated for 1 Oscar. Another 5 wins & 41 nominations.,5,42,0,1,0,0,0,0,0,0
676,1 win.,1,0,0,0,0,0,0,0,0,0
677,7 wins & 42 nominations.,7,42,0,0,0,0,0,0,0,0
678,Nominated for 1 Oscar. Another 8 wins & 58 nominations.,8,59,0,1,0,0,0,0,0,0
679,Won 1 Oscar. Another 39 wins & 134 nominations.,40,134,0,0,0,0,0,1,0,0
680,3 wins & 23 nominations.,3,23,0,0,0,0,0,0,0,0
681,2 wins & 3 nominations.,2,3,0,0,0,0,0,0,0,0
682,5 wins & 28 nominations.,5,28,0,0,0,0,0,0,0,0
683,Nominated for 1 Oscar. Another 34 wins & 75 nominations.,34,76,0,1,0,0,0,0,0,0
684,2 wins & 21 nominations.,2,21,0,0,0,0,0,0,0,0
685,2 wins & 16 nominations.,2,16,0,0,0,0,0,0,0,0
686,Nominated for 2 Golden Globes. Another 20 wins & 52 nominations.,20,54,0,0,2,0,0,0,0,0
687,2 wins & 1 nomination.,2,1,0,0,0,0,0,0,0,0
688,2 wins & 4 nominations.,2,4,0,0,0,0,0,0,0,0
689,2 wins & 7 nominations.,2,7,0,0,0,0,0,0,0,0
690,1 win.,1,0,0,0,0,0,0,0,0,0
691,2 nominations.,0,2,0,0,0,0,0,0,0,0
692,Nominated for 2 Oscars. Another 4 wins & 17 nominations.,4,19,0,2,0,0,0,0,0,0
693,1 win & 23 nominations.,1,23,0,0,0,0,0,0,0,0
694,4 wins & 1 nomination.,4,1,0,0,0,0,0,0,0,0
695,1 win & 10 nominations.,1,10,0,0,0,0,0,0,0,0
696,Nominated for 1 Oscar. Another 17 wins & 53 nominations.,17,54,0,1,0,0,0,0,0,0
697,Won 2 Oscars. Another 44 wins & 74 nominations.,46,74,0,0,0,0,0,2,0,0
698,2 wins & 1 nomination.,2,1,0,0,0,0,0,0,0,0
699,Nominated for 1 Oscar. Another 6 wins & 46 nominations.,6,47,0,1,0,0,0,0,0,0
700,1 win & 4 nominations.,1,4,0,0,0,0,0,0,0,0
701,2 wins & 11 nominations.,2,11,0,0,0,0,0,0,0,0
702,Nominated for 1 BAFTA Film Award. Another 9 wins & 54 nominations.,9,55,0,0,0,1,0,0,0,0
703,Won 7 Oscars. Another 215 wins & 169 nominations.,222,169,0,0,0,0,0,7,0,0
704,1 nomination.,0,1,0,0,0,0,0,0,0,0
705,Nominated for 1 Oscar. Another 70 wins & 59 nominations.,70,60,0,1,0,0,0,0,0,0
706,4 nominations.,0,4,0,0,0,0,0,0,0,0
707,4 wins & 10 nominations.,4,10,0,0,0,0,0,0,0,0
708,Nominated for 1 Oscar. Another 9 wins & 40 nominations.,9,41,0,1,0,0,0,0,0,0
709,1 win & 9 nominations.,1,9,0,0,0,0,0,0,0,0
710,3 wins & 2 nominations.,3,2,0,0,0,0,0,0,0,0
711,Nominated for 3 Primetime Emmys. Another 14 nominations.,0,17,3,0,0,0,0,0,0,0
712,3 wins & 7 nominations.,3,7,0,0,0,0,0,0,0,0
713,2 nominations.,0,2,0,0,0,0,0,0,0,0
714,5 wins & 31 nominations.,5,31,0,0,0,0,0,0,0,0
715,11 wins & 34 nominations.,11,34,0,0,0,0,0,0,0,0
716,2 wins & 2 nominations.,2,2,0,0,0,0,0,0,0,0
717,Nominated for 1 Oscar. Another 13 wins & 59 nominations.,13,60,0,1,0,0,0,0,0,0
718,1 win & 7 nominations.,1,7,0,0,0,0,0,0,0,0
719,1 nomination.,0,1,0,0,0,0,0,0,0,0
720,Nominated for 1 BAFTA Film Award. Another 5 wins & 42 nominations.,5,43,0,0,0,1,0,0,0,0
721,1 win & 3 nominations.,1,3,0,0,0,0,0,0,0,0
722,Nominated for 2 Oscars. Another 12 wins & 63 nominations.,12,65,0,2,0,0,0,0,0,0
723,1 nomination.,0,1,0,0,0,0,0,0,0,0
724,5 nominations.,0,5,0,0,0,0,0,0,0,0
725,1 nomination.,0,1,0,0,0,0,0,0,0,0
726,1 win & 7 nominations.,1,7,0,0,0,0,0,0,0,0
727,14 wins.,14,0,0,0,0,0,0,0,0,0
728,3 nominations.,0,3,0,0,0,0,0,0,0,0
729,2 wins.,2,0,0,0,0,0,0,0,0,0
730,1 win & 6 nominations.,1,6,0,0,0,0,0,0,0,0
731,2 wins & 3 nominations.,2,3,0,0,0,0,0,0,0,0
732,8 nominations.,0,8,0,0,0,0,0,0,0,0
733,1 nomination.,0,1,0,0,0,0,0,0,0,0
734,4 wins & 10 nominations.,4,10,0,0,0,0,0,0,0,0
735,2 wins & 16 nominations.,2,16,0,0,0,0,0,0,0,0
736,3 wins & 7 nominations.,3,7,0,0,0,0,0,0,0,0
737,1 win & 4 nominations.,1,4,0,0,0,0,0,0,0,0
738,1 nomination.,0,1,0,0,0,0,0,0,0,0
739,2 wins & 5 nominations.,2,5,0,0,0,0,0,0,0,0
740,1 win & 1 nomination.,1,1,0,0,0,0,0,0,0,0
741,1 win.,1,0,0,0,0,0,0,0,0,0
742,2 nominations.,0,2,0,0,0,0,0,0,0,0
743,Nominated for 1 Oscar. Another 5 wins & 49 nominations.,5,50,0,1,0,0,0,0,0,0
744,18 wins & 22 nominations.,18,22,0,0,0,0,0,0,0,0
745,Won 2 Golden Globes. Another 25 wins & 162 nominations.,27,162,0,0,0,0,0,0,2,0
746,1 win & 11 nominations.,1,11,0,0,0,0,0,0,0,0
747,Nominated for 1 Oscar. Another 11 wins & 21 nominations.,11,22,0,1,0,0,0,0,0,0
748,3 wins & 29 nominations.,3,29,0,0,0,0,0,0,0,0
749,Nominated for 1 Oscar. Another 15 wins & 42 nominations.,15,43,0,1,0,0,0,0,0,0
750,9 wins & 4 nominations.,9,4,0,0,0,0,0,0,0,0
751,8 wins & 21 nominations.,8,21,0,0,0,0,0,0,0,0
752,1 win & 10 nominations.,1,10,0,0,0,0,0,0,0,0
753,1 win & 6 nominations.,1,6,0,0,0,0,0,0,0,0
754,1 win.,1,0,0,0,0,0,0,0,0,0
755,Nominated for 1 BAFTA Film Award. Another 2 wins & 4 nominations.,2,5,0,0,0,1,0,0,0,0
756,1 nomination.,0,1,0,0,0,0,0,0,0,0
757,2 nominations.,0,2,0,0,0,0,0,0,0,0
758,5 wins & 7 nominations.,5,7,0,0,0,0,0,0,0,0
759,2 nominations.,0,2,0,0,0,0,0,0,0,0
760,2 wins & 6 nominations.,2,6,0,0,0,0,0,0,0,0
761,Nominated for 1 Golden Globe. Another 21 wins & 59 nominations.,21,60,0,0,1,0,0,0,0,0
762,Nominated for 1 Golden Globe. Another 16 wins & 26 nominations.,16,27,0,0,1,0,0,0,0,0
763,2 wins & 3 nominations.,2,3,0,0,0,0,0,0,0,0
764,1 win.,1,0,0,0,0,0,0,0,0,0
765,8 wins & 6 nominations.,8,6,0,0,0,0,0,0,0,0
766,2 wins & 1 nomination.,2,1,0,0,0,0,0,0,0,0
767,2 wins & 5 nominations.,2,5,0,0,0,0,0,0,0,0
768,1 win.,1,0,0,0,0,0,0,0,0,0
769,2 wins & 18 nominations.,2,18,0,0,0,0,0,0,0,0
770,16 nominations.,0,16,0,0,0,0,0,0,0,0
771,3 nominations.,0,3,0,0,0,0,0,0,0,0
772,6 wins & 11 nominations.,6,11,0,0,0,0,0,0,0,0
773,2 nominations.,0,2,0,0,0,0,0,0,0,0
774,Nominated for 2 Oscars. Another 48 wins & 92 nominations.,48,94,0,2,0,0,0,0,0,0
775,1 nomination.,0,1,0,0,0,0,0,0,0,0
776,Nominated for 1 Oscar. Another 3 wins & 45 nominations.,3,46,0,1,0,0,0,0,0,0
777,Won 1 Primetime Emmy. Another 1 win & 5 nominations.,2,5,0,0,0,0,1,0,0,0
778,9 wins & 3 nominations.,9,3,0,0,0,0,0,0,0,0
779,1 nomination.,0,1,0,0,0,0,0,0,0,0
780,Won 3 Oscars. Another 234 wins & 312 nominations.,237,312,0,0,0,0,0,3,0,0
781,1 nomination.,0,1,0,0,0,0,0,0,0,0
782,7 nominations.,0,7,0,0,0,0,0,0,0,0
783,1 win.,1,0,0,0,0,0,0,0,0,0
784,3 wins.,3,0,0,0,0,0,0,0,0,0
785,Nominated for 2 Primetime Emmys. Another 1 win & 2 nominations.,1,4,2,0,0,0,0,0,0,0
786,1 win & 6 nominations.,1,6,0,0,0,0,0,0,0,0
787,4 wins.,4,0,0,0,0,0,0,0,0,0
788,10 wins & 23 nominations.,10,23,0,0,0,0,0,0,0,0
789,2 wins.,2,0,0,0,0,0,0,0,0,0
790,1 win.,1,0,0,0,0,0,0,0,0,0
791,1 win & 3 nominations.,1,3,0,0,0,0,0,0,0,0
792,Nominated for 2 Primetime Emmys. Another 4 wins & 15 nominations.,4,17,2,0,0,0,0,0,0,0
793,1 win & 2 nominations.,1,2,0,0,0,0,0,0,0,0
794,Nominated for 1 Oscar. Another 12 wins & 71 nominations.,12,72,0,1,0,0,0,0,0,0
795,2 nominations.,0,2,0,0,0,0,0,0,0,0
796,Won 1 Golden Globe. Another 4 wins & 16 nominations.,5,16,0,0,0,0,0,0,1,0
797,1 win & 1 nomination.,1,1,0,0,0,0,0,0,0,0
798,2 wins & 18 nominations.,2,18,0,0,0,0,0,0,0,0
799,9 wins & 13 nominations.,9,13,0,0,0,0,0,0,0,0
800,1 nomination.,0,1,0,0,0,0,0,0,0,0
801,5 nominations.,0,5,0,0,0,0,0,0,0,0
802,Nominated for 3 Oscars. Another 11 wins & 69 nominations.,11,72,0,3,0,0,0,0,0,0
803,2 nominations.,0,2,0,0,0,0,0,0,0,0
804,Nominated for 3 Primetime Emmys. Another 2 wins & 48 nominations.,2,51,3,0,0,0,0,0,0,0
805,1 nomination.,0,1,0,0,0,0,0,0,0,0
806,1 win & 1 nomination.,1,1,0,0,0,0,0,0,0,0
807,4 wins & 12 nominations.,4,12,0,0,0,0,0,0,0,0
808,1 win.,1,0,0,0,0,0,0,0,0,0
809,3 wins & 9 nominations.,3,9,0,0,0,0,0,0,0,0
810,2 wins & 3 nominations.,2,3,0,0,0,0,0,0,0,0
811,8 wins & 11 nominations.,8,11,0,0,0,0,0,0,0,0
812,2 nominations.,0,2,0,0,0,0,0,0,0,0
813,3 wins & 4 nominations.,3,4,0,0,0,0,0,0,0,0
814,2 wins & 5 nominations.,2,5,0,0,0,0,0,0,0,0
815,1 win.,1,0,0,0,0,0,0,0,0,0
816,1 win & 28 nominations.,1,28,0,0,0,0,0,0,0,0
817,13 wins & 11 nominations.,13,11,0,0,0,0,0,0,0,0
818,1 nomination.,0,1,0,0,0,0,0,0,0,0
819,2 nominations.,0,2,0,0,0,0,0,0,0,0
820,1 win & 1 nomination.,1,1,0,0,0,0,0,0,0,0
821,1 win & 1 nomination.,1,1,0,0,0,0,0,0,0,0
822,Won 1 Oscar. Another 13 wins & 53 nominations.,14,53,0,0,0,0,0,1,0,0
823,1 win.,1,0,0,0,0,0,0,0,0,0
824,1 win & 3 nominations.,1,3,0,0,0,0,0,0,0,0
825,19 wins & 21 nominations.,19,21,0,0,0,0,0,0,0,0
826,1 win.,1,0,0,0,0,0,0,0,0,0
827,1 win & 8 nominations.,1,8,0,0,0,0,0,0,0,0
828,3 wins & 4 nominations.,3,4,0,0,0,0,0,0,0,0
829,1 nomination.,0,1,0,0,0,0,0,0,0,0
830,Nominated for 1 Golden Globe. Another 3 wins & 27 nominations.,3,28,0,0,1,0,0,0,0,0
831,7 wins & 4 nominations.,7,4,0,0,0,0,0,0,0,0
832,1 win & 3 nominations.,1,3,0,0,0,0,0,0,0,0
833,2 wins & 1 nomination.,2,1,0,0,0,0,0,0,0,0
834,Nominated for 1 Oscar. Another 64 wins & 169 nominations.,64,170,0,1,0,0,0,0,0,0
835,3 wins & 7 nominations.,3,7,0,0,0,0,0,0,0,0
836,1 win.,1,0,0,0,0,0,0,0,0,0
837,2 wins.,2,0,0,0,0,0,0,0,0,0
838,Won 4 Oscars. Another 122 wins & 213 nominations.,126,213,0,0,0,0,0,4,0,0
839,1 win.,1,0,0,0,0,0,0,0,0,0
840,3 wins & 11 nominations.,3,11,0,0,0,0,0,0,0,0
841,3 wins & 4 nominations.,3,4,0,0,0,0,0,0,0,0
842,3 nominations.,0,3,0,0,0,0,0,0,0,0
843,1 nomination.,0,1,0,0,0,0,0,0,0,0
844,2 wins & 2 nominations.,2,2,0,0,0,0,0,0,0,0
845,Won 2 Oscars. Another 72 wins & 57 nominations.,74,57,0,0,0,0,0,2,0,0
846,3 wins & 5 nominations.,3,5,0,0,0,0,0,0,0,0
847,3 nominations.,0,3,0,0,0,0,0,0,0,0
848,1 nomination.,0,1,0,0,0,0,0,0,0,0
849,Nominated for 1 Oscar. Another 6 wins & 45 nominations.,6,46,0,1,0,0,0,0,0,0
850,1 win & 4 nominations.,1,4,0,0,0,0,0,0,0,0
851,1 win & 3 nominations.,1,3,0,0,0,0,0,0,0,0
852,2 wins & 5 nominations.,2,5,0,0,0,0,0,0,0,0
853,5 wins & 2 nominations.,5,2,0,0,0,0,0,0,0,0
854,11 nominations.,0,11,0,0,0,0,0,0,0,0
855,1 win & 4 nominations.,1,4,0,0,0,0,0,0,0,0
856,1 nomination.,0,1,0,0,0,0,0,0,0,0
857,1 nomination.,0,1,0,0,0,0,0,0,0,0
858,2 nominations.,0,2,0,0,0,0,0,0,0,0
859,Nominated for 1 Primetime Emmy. Another 1 win & 5 nominations.,1,6,1,0,0,0,0,0,0,0
860,2 nominations.,0,2,0,0,0,0,0,0,0,0
861,7 wins & 18 nominations.,7,18,0,0,0,0,0,0,0,0
862,2 nominations.,0,2,0,0,0,0,0,0,0,0
863,1 win & 19 nominations.,1,19,0,0,0,0,0,0,0,0
864,2 wins & 5 nominations.,2,5,0,0,0,0,0,0,0,0
865,23 wins & 27 nominations.,23,27,0,0,0,0,0,0,0,0
866,1 win & 1 nomination.,1,1,0,0,0,0,0,0,0,0
867,2 nominations.,0,2,0,0,0,0,0,0,0,0
868,Nominated for 2 Primetime Emmys. Another 2 wins & 21 nominations.,2,23,2,0,0,0,0,0,0,0
869,1 win & 4 nominations.,1,4,0,0,0,0,0,0,0,0
870,1 win & 1 nomination.,1,1,0,0,0,0,0,0,0,0
871,1 win & 1 nomination.,1,1,0,0,0,0,0,0,0,0
872,Nominated for 6 Golden Globes. Another 43 wins & 92 nominations.,43,98,0,0,6,0,0,0,0,0
873,3 wins & 7 nominations.,3,7,0,0,0,0,0,0,0,0
874,4 wins & 3 nominations.,4,3,0,0,0,0,0,0,0,0
875,2 wins & 7 nominations.,2,7,0,0,0,0,0,0,0,0
876,Won 3 Primetime Emmys. Another 2 wins & 17 nominations.,5,17,0,0,0,0,3,0,0,0
877,2 nominations.,0,2,0,0,0,0,0,0,0,0
878,11 nominations.,0,11,0,0,0,0,0,0,0,0
879,1 win.,1,0,0,0,0,0,0,0,0,0
880,2 wins & 2 nominations.,2,2,0,0,0,0,0,0,0,0
881,4 wins & 5 nominations.,4,5,0,0,0,0,0,0,0,0
882,14 wins & 26 nominations.,14,26,0,0,0,0,0,0,0,0
883,4 wins & 9 nominations.,4,9,0,0,0,0,0,0,0,0
884,2 wins & 1 nomination.,2,1,0,0,0,0,0,0,0,0
885,3 wins.,3,0,0,0,0,0,0,0,0,0
886,2 wins & 9 nominations.,2,9,0,0,0,0,0,0,0,0
887,1 nomination.,0,1,0,0,0,0,0,0,0,0
888,2 nominations.,0,2,0,0,0,0,0,0,0,0
889,1 win & 1 nomination.,1,1,0,0,0,0,0,0,0,0
890,4 wins & 8 nominations.,4,8,0,0,0,0,0,0,0,0
891,3 wins & 3 nominations.,3,3,0,0,0,0,0,0,0,0
892,2 nominations.,0,2,0,0,0,0,0,0,0,0
893,5 wins & 9 nominations.,5,9,0,0,0,0,0,0,0,0
894,6 nominations.,0,6,0,0,0,0,0,0,0,0
895,4 wins & 9 nominations.,4,9,0,0,0,0,0,0,0,0
896,2 nominations.,0,2,0,0,0,0,0,0,0,0
897,4 nominations.,0,4,0,0,0,0,0,0,0,0
898,11 wins & 6 nominations.,11,6,0,0,0,0,0,0,0,0
899,1 nomination.,0,1,0,0,0,0,0,0,0,0
900,5 wins & 2 nominations.,5,2,0,0,0,0,0,0,0,0
901,Nominated for 1 Golden Globe. Another 12 wins & 35 nominations.,12,36,0,0,1,0,0,0,0,0
902,7 wins & 3 nominations.,7,3,0,0,0,0,0,0,0,0
903,2 wins.,2,0,0,0,0,0,0,0,0,0
904,1 nomination.,0,1,0,0,0,0,0,0,0,0
905,1 win.,1,0,0,0,0,0,0,0,0,0
906,1 win.,1,0,0,0,0,0,0,0,0,0
907,4 nominations.,0,4,0,0,0,0,0,0,0,0
908,1 win & 1 nomination.,1,1,0,0,0,0,0,0,0,0
909,1 win.,1,0,0,0,0,0,0,0,0,0
910,3 nominations.,0,3,0,0,0,0,0,0,0,0
911,1 win.,1,0,0,0,0,0,0,0,0,0
912,7 wins & 4 nominations.,7,4,0,0,0,0,0,0,0,0
913,1 win & 1 nomination.,1,1,0,0,0,0,0,0,0,0
914,1 win & 6 nominations.,1,6,0,0,0,0,0,0,0,0
915,3 wins & 4 nominations.,3,4,0,0,0,0,0,0,0,0
916,8 nominations.,0,8,0,0,0,0,0,0,0,0
917,1 win.,1,0,0,0,0,0,0,0,0,0
918,10 wins & 38 nominations.,10,38,0,0,0,0,0,0,0,0
919,2 wins.,2,0,0,0,0,0,0,0,0,0
920,Won 2 Golden Globes. Another 7 wins & 54 nominations.,9,54,0,0,0,0,0,0,2,0
921,2 nominations.,0,2,0,0,0,0,0,0,0,0
922,1 nomination.,0,1,0,0,0,0,0,0,0,0
923,1 nomination.,0,1,0,0,0,0,0,0,0,0
924,7 wins & 2 nominations.,7,2,0,0,0,0,0,0,0,0
925,1 nomination.,0,1,0,0,0,0,0,0,0,0
926,2 wins & 2 nominations.,2,2,0,0,0,0,0,0,0,0
927,2 nominations.,0,2,0,0,0,0,0,0,0,0
928,1 win.,1,0,0,0,0,0,0,0,0,0
929,1 nomination.,0,1,0,0,0,0,0,0,0,0
930,1 win & 1 nomination.,1,1,0,0,0,0,0,0,0,0
931,1 nomination.,0,1,0,0,0,0,0,0,0,0
932,1 win.,1,0,0,0,0,0,0,0,0,0
933,1 nomination.,0,1,0,0,0,0,0,0,0,0
934,4 wins & 2 nominations.,4,2,0,0,0,0,0,0,0,0
935,Nominated for 1 Primetime Emmy. Another 1 win & 6 nominations.,1,7,1,0,0,0,0,0,0,0
936,4 wins & 7 nominations.,4,7,0,0,0,0,0,0,0,0
937,1 win.,1,0,0,0,0,0,0,0,0,0
938,1 win & 1 nomination.,1,1,0,0,0,0,0,0,0,0
939,1 nomination.,0,1,0,0,0,0,0,0,0,0
940,2 nominations.,0,2,0,0,0,0,0,0,0,0
941,1 nomination.,0,1,0,0,0,0,0,0,0,0
942,1 win & 2 nominations.,1,2,0,0,0,0,0,0,0,0
943,1 win & 6 nominations.,1,6,0,0,0,0,0,0,0,0
944,2 wins & 2 nominations.,2,2,0,0,0,0,0,0,0,0
945,1 nomination.,0,1,0,0,0,0,0,0,0,0
946,1 win & 1 nomination.,1,1,0,0,0,0,0,0,0,0
947,1 win.,1,0,0,0,0,0,0,0,0,0
948,Nominated for 2 Golden Globes. Another 10 wins & 46 nominations.,10,48,0,0,2,0,0,0,0,0
949,8 nominations.,0,8,0,0,0,0,0,0,0,0
950,13 wins & 8 nominations.,13,8,0,0,0,0,0,0,0,0
951,1 nomination.,0,1,0,0,0,0,0,0,0,0
952,1 nomination.,0,1,0,0,0,0,0,0,0,0
953,1 win.,1,0,0,0,0,0,0,0,0,0
954,1 nomination.,0,1,0,0,0,0,0,0,0,0
955,1 win & 1 nomination.,1,1,0,0,0,0,0,0,0,0
956,4 wins & 5 nominations.,4,5,0,0,0,0,0,0,0,0
957,2 wins & 15 nominations.,2,15,0,0,0,0,0,0,0,0
958,1 win & 6 nominations.,1,6,0,0,0,0,0,0,0,0
959,1 win.,1,0,0,0,0,0,0,0,0,0
960,5 wins & 2 nominations.,5,2,0,0,0,0,0,0,0,0
961,10 wins & 2 nominations.,10,2,0,0,0,0,0,0,0,0
962,1 win & 4 nominations.,1,4,0,0,0,0,0,0,0,0
963,2 nominations.,0,2,0,0,0,0,0,0,0,0
964,2 nominations.,0,2,0,0,0,0,0,0,0,0
965,1 nomination.,0,1,0,0,0,0,0,0,0,0
966,2 nominations.,0,2,0,0,0,0,0,0,0,0
967,3 nominations.,0,3,0,0,0,0,0,0,0,0
968,1 nomination.,0,1,0,0,0,0,0,0,0,0
969,Nominated for 1 Primetime Emmy. Another 30 nominations.,0,31,1,0,0,0,0,0,0,0
970,1 nomination.,0,1,0,0,0,0,0,0,0,0
971,1 win.,1,0,0,0,0,0,0,0,0,0
972,4 wins & 6 nominations.,4,6,0,0,0,0,0,0,0,0
973,2 nominations.,0,2,0,0,0,0,0,0,0,0
974,Nominated for 1 Primetime Emmy. Another 2 wins & 4 nominations.,2,5,1,0,0,0,0,0,0,0
975,1 nomination.,0,1,0,0,0,0,0,0,0,0
976,7 nominations.,0,7,0,0,0,0,0,0,0,0
977,4 nominations.,0,4,0,0,0,0,0,0,0,0
978,1 win & 1 nomination.,1,1,0,0,0,0,0,0,0,0
979,1 win & 1 nomination.,1,1,0,0,0,0,0,0,0,0
980,2 wins & 2 nominations.,2,2,0,0,0,0,0,0,0,0
981,18 wins & 5 nominations.,18,5,0,0,0,0,0,0,0,0
982,1 win & 5 nominations.,1,5,0,0,0,0,0,0,0,0
983,1 nomination.,0,1,0,0,0,0,0,0,0,0
984,6 wins & 13 nominations.,6,13,0,0,0,0,0,0,0,0
985,1 win & 8 nominations.,1,8,0,0,0,0,0,0,0,0
986,4 wins.,4,0,0,0,0,0,0,0,0,0
987,1 win.,1,0,0,0,0,0,0,0,0,0
988,1 win.,1,0,0,0,0,0,0,0,0,0
989,1 nomination.,0,1,0,0,0,0,0,0,0,0
990,Nominated for 4 Primetime Emmys. Another 12 nominations.,0,16,4,0,0,0,0,0,0,0
991,2 wins & 1 nomination.,2,1,0,0,0,0,0,0,0,0
992,4 wins & 2 nominations.,4,2,0,0,0,0,0,0,0,0
993,Won 1 Primetime Emmy. Another 1 win & 4 nominations.,2,4,0,0,0,0,1,0,0,0
994,1 nomination.,0,1,0,0,0,0,0,0,0,0
995,20 wins & 32 nominations.,20,32,0,0,0,0,0,0,0,0
996,1 win & 3 nominations.,1,3,0,0,0,0,0,0,0,0
997,1 win & 2 nominations.,1,2,0,0,0,0,0,0,0,0
998,9 nominations.,0,9,0,0,0,0,0,0,0,0
999,Nominated for 1 Oscar. Another 38 wins & 74 nominations.,38,75,0,1,0,0,0,0,0,0
1000,3 wins & 3 nominations.,3,3,0,0,0,0,0,0,0,0
1001,1 win & 11 nominations.,1,11,0,0,0,0,0,0,0,0
1002,1 nomination.,0,1,0,0,0,0,0,0,0,0
1003,1 win & 1 nomination.,1,1,0,0,0,0,0,0,0,0
1004,1 win.,1,0,0,0,0,0,0,0,0,0
1005,1 nomination.,0,1,0,0,0,0,0,0,0,0
1006,1 nomination.,0,1,0,0,0,0,0,0,0,0
1007,2 nominations.,0,2,0,0,0,0,0,0,0,0
1008,2 nominations.,0,2,0,0,0,0,0,0,0,0
1009,19 wins & 10 nominations.,19,10,0,0,0,0,0,0,0,0
1010,15 wins & 27 nominations.,15,27,0,0,0,0,0,0,0,0
1011,1 win.,1,0,0,0,0,0,0,0,0,0
1012,2 nominations.,0,2,0,0,0,0,0,0,0,0
1013,3 nominations.,0,3,0,0,0,0,0,0,0,0
1014,6 nominations.,0,6,0,0,0,0,0,0,0,0
1015,1 win & 1 nomination.,1,1,0,0,0,0,0,0,0,0
1016,1 win & 2 nominations.,1,2,0,0,0,0,0,0,0,0
1017,1 nomination.,0,1,0,0,0,0,0,0,0,0
1018,1 win & 3 nominations.,1,3,0,0,0,0,0,0,0,0
1019,1 nomination.,0,1,0,0,0,0,0,0,0,0
1020,1 nomination.,0,1,0,0,0,0,0,0,0,0
1021,6 wins & 15 nominations.,6,15,0,0,0,0,0,0,0,0
1022,3 wins & 5 nominations.,3,5,0,0,0,0,0,0,0,0
1023,1 nomination.,0,1,0,0,0,0,0,0,0,0
1024,1 nomination.,0,1,0,0,0,0,0,0,0,0
1025,6 wins & 19 nominations.,6,19,0,0,0,0,0,0,0,0
1026,1 win & 4 nominations.,1,4,0,0,0,0,0,0,0,0
1027,1 nomination.,0,1,0,0,0,0,0,0,0,0
1028,1 nomination.,0,1,0,0,0,0,0,0,0,0
1029,5 wins & 4 nominations.,5,4,0,0,0,0,0,0,0,0
1030,5 wins & 6 nominations.,5,6,0,0,0,0,0,0,0,0
1031,1 win.,1,0,0,0,0,0,0,0,0,0
1032,1 win & 4 nominations.,1,4,0,0,0,0,0,0,0,0
1033,1 nomination.,0,1,0,0,0,0,0,0,0,0
1034,1 win.,1,0,0,0,0,0,0,0,0,0
1035,4 wins & 6 nominations.,4,6,0,0,0,0,0,0,0,0
1036,Won 5 Primetime Emmys. Another 7 wins & 23 nominations.,12,23,0,0,0,0,5,0,0,0
1037,1 nomination.,0,1,0,0,0,0,0,0,0,0
1038,1 nomination.,0,1,0,0,0,0,0,0,0,0
1039,2 wins & 6 nominations.,2,6,0,0,0,0,0,0,0,0
1040,6 wins & 12 nominations.,6,12,0,0,0,0,0,0,0,0
1041,3 wins & 2 nominations.,3,2,0,0,0,0,0,0,0,0
1042,1 win & 3 nominations.,1,3,0,0,0,0,0,0,0,0
1043,1 nomination.,0,1,0,0,0,0,0,0,0,0
1044,1 win.,1,0,0,0,0,0,0,0,0,0
1045,2 wins & 1 nomination.,2,1,0,0,0,0,0,0,0,0
1046,12 wins & 10 nominations.,12,10,0,0,0,0,0,0,0,0
1047,2 wins & 2 nominations.,2,2,0,0,0,0,0,0,0,0
1048,1 win.,1,0,0,0,0,0,0,0,0,0
1049,1 win & 2 nominations.,1,2,0,0,0,0,0,0,0,0
1050,1 win & 1 nomination.,1,1,0,0,0,0,0,0,0,0
1051,1 nomination.,0,1,0,0,0,0,0,0,0,0
1052,5 wins & 15 nominations.,5,15,0,0,0,0,0,0,0,0
1053,2 nominations.,0,2,0,0,0,0,0,0,0,0
1054,2 nominations.,0,2,0,0,0,0,0,0,0,0
1055,1 win & 1 nomination.,1,1,0,0,0,0,0,0,0,0
1056,4 wins & 7 nominations.,4,7,0,0,0,0,0,0,0,0
1057,1 win.,1,0,0,0,0,0,0,0,0,0
1058,2 nominations.,0,2,0,0,0,0,0,0,0,0
1059,Won 1 Oscar. Another 2 wins & 1 nomination.,3,1,0,0,0,0,0,1,0,0
1060,1 nomination.,0,1,0,0,0,0,0,0,0,0
1061,4 wins & 14 nominations.,4,14,0,0,0,0,0,0,0,0
1062,1 nomination.,0,1,0,0,0,0,0,0,0,0
1063,20 wins & 19 nominations.,20,19,0,0,0,0,0,0,0,0
1064,1 nomination.,0,1,0,0,0,0,0,0,0,0
1065,6 wins & 2 nominations.,6,2,0,0,0,0,0,0,0,0
1066,1 win.,1,0,0,0,0,0,0,0,0,0
1067,1 nomination.,0,1,0,0,0,0,0,0,0,0
1068,1 win.,1,0,0,0,0,0,0,0,0,0
1069,1 nomination.,0,1,0,0,0,0,0,0,0,0
1070,1 win & 1 nomination.,1,1,0,0,0,0,0,0,0,0
1071,2 wins.,2,0,0,0,0,0,0,0,0,0
1072,1 win & 4 nominations.,1,4,0,0,0,0,0,0,0,0
1073,2 wins & 3 nominations.,2,3,0,0,0,0,0,0,0,0
1074,2 wins.,2,0,0,0,0,0,0,0,0,0
1075,3 wins & 12 nominations.,3,12,0,0,0,0,0,0,0,0
1076,8 nominations.,0,8,0,0,0,0,0,0,0,0
1077,5 nominations.,0,5,0,0,0,0,0,0,0,0
1078,1 nomination.,0,1,0,0,0,0,0,0,0,0
1079,5 nominations.,0,5,0,0,0,0,0,0,0,0
1080,1 win & 1 nomination.,1,1,0,0,0,0,0,0,0,0
1081,1 nomination.,0,1,0,0,0,0,0,0,0,0
1082,1 win & 5 nominations.,1,5,0,0,0,0,0,0,0,0
1083,1 win.,1,0,0,0,0,0,0,0,0,0
1084,1 nomination.,0,1,0,0,0,0,0,0,0,0
1085,1 win & 1 nomination.,1,1,0,0,0,0,0,0,0,0
1086,1 win & 1 nomination.,1,1,0,0,0,0,0,0,0,0
1087,1 win & 4 nominations.,1,4,0,0,0,0,0,0,0,0
1088,2 nominations.,0,2,0,0,0,0,0,0,0,0
1089,6 nominations.,0,6,0,0,0,0,0,0,0,0
1090,2 wins & 1 nomination.,2,1,0,0,0,0,0,0,0,0
1091,1 nomination.,0,1,0,0,0,0,0,0,0,0
1092,2 wins & 2 nominations.,2,2,0,0,0,0,0,0,0,0
1093,2 wins & 5 nominations.,2,5,0,0,0,0,0,0,0,0
1094,2 wins & 5 nominations.,2,5,0,0,0,0,0,0,0,0
1095,2 wins & 3 nominations.,2,3,0,0,0,0,0,0,0,0
1096,1 win & 12 nominations.,1,12,0,0,0,0,0,0,0,0
1097,1 win & 5 nominations.,1,5,0,0,0,0,0,0,0,0
1098,1 nomination.,0,1,0,0,0,0,0,0,0,0
1099,3 wins & 17 nominations.,3,17,0,0,0,0,0,0,0,0
1100,1 nomination.,0,1,0,0,0,0,0,0,0,0
1101,1 win & 2 nominations.,1,2,0,0,0,0,0,0,0,0
1102,1 nomination.,0,1,0,0,0,0,0,0,0,0
1103,1 nomination.,0,1,0,0,0,0,0,0,0,0
1104,5 nominations.,0,5,0,0,0,0,0,0,0,0
1105,1 nomination.,0,1,0,0,0,0,0,0,0,0
1106,Won 2 Primetime Emmys. Another 3 wins & 5 nominations.,5,5,0,0,0,0,2,0,0,0
1107,1 win & 1 nomination.,1,1,0,0,0,0,0,0,0,0
1108,2 nominations.,0,2,0,0,0,0,0,0,0,0
1109,Won 1 Primetime Emmy. Another 1 nomination.,1,1,0,0,0,0,1,0,0,0
1110,1 win & 3 nominations.,1,3,0,0,0,0,0,0,0,0
1111,6 wins & 4 nominations.,6,4,0,0,0,0,0,0,0,0
1112,2 wins.,2,0,0,0,0,0,0,0,0,0
1113,2 wins & 2 nominations.,2,2,0,0,0,0,0,0,0,0
1114,1 win.,1,0,0,0,0,0,0,0,0,0
1115,8 wins & 2 nominations.,8,2,0,0,0,0,0,0,0,0
1116,1 nomination.,0,1,0,0,0,0,0,0,0,0
1117,1 nomination.,0,1,0,0,0,0,0,0,0,0
1118,1 nomination.,0,1,0,0,0,0,0,0,0,0
1119,1 win.,1,0,0,0,0,0,0,0,0,0
1120,1 nomination.,0,1,0,0,0,0,0,0,0,0
1121,3 wins & 8 nominations.,3,8,0,0,0,0,0,0,0,0
1122,1 win.,1,0,0,0,0,0,0,0,0,0
1123,4 wins & 11 nominations.,4,11,0,0,0,0,0,0,0,0
1124,5 wins & 6 nominations.,5,6,0,0,0,0,0,0,0,0
1125,1 win & 1 nomination.,1,1,0,0,0,0,0,0,0,0
1126,2 nominations.,0,2,0,0,0,0,0,0,0,0
1127,1 nomination.,0,1,0,0,0,0,0,0,0,0
1128,2 nominations.,0,2,0,0,0,0,0,0,0,0
1129,1 win.,1,0,0,0,0,0,0,0,0,0
1130,1 nomination.,0,1,0,0,0,0,0,0,0,0
1131,1 nomination.,0,1,0,0,0,0,0,0,0,0
1132,1 win.,1,0,0,0,0,0,0,0,0,0
1133,2 nominations.,0,2,0,0,0,0,0,0,0,0
1134,1 nomination.,0,1,0,0,0,0,0,0,0,0
1135,6 nominations.,0,6,0,0,0,0,0,0,0,0
1136,8 wins.,8,0,0,0,0,0,0,0,0,0
1137,15 wins & 30 nominations.,15,30,0,0,0,0,0,0,0,0
1138,1 nomination.,0,1,0,0,0,0,0,0,0,0
1139,2 wins.,2,0,0,0,0,0,0,0,0,0
1140,Won 1 Primetime Emmy. Another 1 win & 21 nominations.,2,21,0,0,0,0,1,0,0,0
1141,1 nomination.,0,1,0,0,0,0,0,0,0,0
1142,2 nominations.,0,2,0,0,0,0,0,0,0,0
1143,1 win & 1 nomination.,1,1,0,0,0,0,0,0,0,0
1144,2 wins & 2 nominations.,2,2,0,0,0,0,0,0,0,0
1145,1 win.,1,0,0,0,0,0,0,0,0,0
1146,2 nominations.,0,2,0,0,0,0,0,0,0,0
1147,1 win.,1,0,0,0,0,0,0,0,0,0
1148,Nominated for 1 Golden Globe. Another 8 wins & 16 nominations.,8,17,0,0,1,0,0,0,0,0
1149,Won 1 Primetime Emmy. Another 2 wins.,3,0,0,0,0,0,1,0,0,0
1150,7 wins & 8 nominations.,7,8,0,0,0,0,0,0,0,0
1151,1 win.,1,0,0,0,0,0,0,0,0,0
1152,2 wins & 1 nomination.,2,1,0,0,0,0,0,0,0,0
1153,1 win.,1,0,0,0,0,0,0,0,0,0
1154,1 win & 1 nomination.,1,1,0,0,0,0,0,0,0,0
1155,1 nomination.,0,1,0,0,0,0,0,0,0,0
1156,2 wins & 2 nominations.,2,2,0,0,0,0,0,0,0,0
1157,1 nomination.,0,1,0,0,0,0,0,0,0,0
1158,1 nomination.,0,1,0,0,0,0,0,0,0,0
1159,1 win & 1 nomination.,1,1,0,0,0,0,0,0,0,0
1160,5 wins.,5,0,0,0,0,0,0,0,0,0
1161,3 nominations.,0,3,0,0,0,0,0,0,0,0
1162,4 nominations.,0,4,0,0,0,0,0,0,0,0
1163,3 wins & 4 nominations.,3,4,0,0,0,0,0,0,0,0
1164,1 nomination.,0,1,0,0,0,0,0,0,0,0
1165,1 win.,1,0,0,0,0,0,0,0,0,0
1166,1 nomination.,0,1,0,0,0,0,0,0,0,0
1167,1 nomination.,0,1,0,0,0,0,0,0,0,0
1168,1 win & 2 nominations.,1,2,0,0,0,0,0,0,0,0
1169,3 nominations.,0,3,0,0,0,0,0,0,0,0
1170,1 nomination.,0,1,0,0,0,0,0,0,0,0
1171,4 wins.,4,0,0,0,0,0,0,0,0,0
1172,1 win & 2 nominations.,1,2,0,0,0,0,0,0,0,0
1173,1 win & 2 nominations.,1,2,0,0,0,0,0,0,0,0
1174,1 nomination.,0,1,0,0,0,0,0,0,0,0
1175,2 nominations.,0,2,0,0,0,0,0,0,0,0
1176,1 win.,1,0,0,0,0,0,0,0,0,0
1177,Nominated for 1 Primetime Emmy. Another 1 nomination.,0,2,1,0,0,0,0,0,0,0
1178,3 wins & 4 nominations.,3,4,0,0,0,0,0,0,0,0
1179,1 win & 1 nomination.,1,1,0,0,0,0,0,0,0,0
1180,6 wins & 3 nominations.,6,3,0,0,0,0,0,0,0,0
1181,4 wins & 2 nominations.,4,2,0,0,0,0,0,0,0,0
1182,1 win & 2 nominations.,1,2,0,0,0,0,0,0,0,0
1183,1 win & 6 nominations.,1,6,0,0,0,0,0,0,0,0
1184,5 wins & 3 nominations.,5,3,0,0,0,0,0,0,0,0
1185,Nominated for 1 Oscar. Another 4 wins & 9 nominations.,4,10,0,1,0,0,0,0,0,0
1186,2 wins.,2,0,0,0,0,0,0,0,0,0
1187,Won 2 Primetime Emmys. Another 3 nominations.,2,3,0,0,0,0,2,0,0,0
1188,2 wins & 1 nomination.,2,1,0,0,0,0,0,0,0,0
1189,4 wins.,4,0,0,0,0,0,0,0,0,0
1190,1 win & 2 nominations.,1,2,0,0,0,0,0,0,0,0
1191,9 wins & 1 nomination.,9,1,0,0,0,0,0,0,0,0
1192,1 win.,1,0,0,0,0,0,0,0,0,0
1193,5 nominations.,0,5,0,0,0,0,0,0,0,0
1194,1 win & 1 nomination.,1,1,0,0,0,0,0,0,0,0
1195,3 wins & 1 nomination.,3,1,0,0,0,0,0,0,0,0
1196,1 win & 1 nomination.,1,1,0,0,0,0,0,0,0,0
1197,1 win.,1,0,0,0,0,0,0,0,0,0
1198,4 wins & 3 nominations.,4,3,0,0,0,0,0,0,0,0
1199,2 wins & 4 nominations.,2,4,0,0,0,0,0,0,0,0
1200,9 wins & 7 nominations.,9,7,0,0,0,0,0,0,0,0
1201,2 wins.,2,0,0,0,0,0,0,0,0,0
1202,3 wins & 3 nominations.,3,3,0,0,0,0,0,0,0,0
1203,2 nominations.,0,2,0,0,0,0,0,0,0,0
1204,8 wins & 3 nominations.,8,3,0,0,0,0,0,0,0,0
1205,1 nomination.,0,1,0,0,0,0,0,0,0,0
1206,6 wins & 25 nominations.,6,25,0,0,0,0,0,0,0,0
1207,1 win.,1,0,0,0,0,0,0,0,0,0
1208,1 nomination.,0,1,0,0,0,0,0,0,0,0
1209,1 nomination.,0,1,0,0,0,0,0,0,0,0
1210,2 wins.,2,0,0,0,0,0,0,0,0,0
1211,2 wins & 16 nominations.,2,16,0,0,0,0,0,0,0,0
1212,1 nomination.,0,1,0,0,0,0,0,0,0,0
1213,2 nominations.,0,2,0,0,0,0,0,0,0,0
1214,1 win & 1 nomination.,1,1,0,0,0,0,0,0,0,0
1215,1 win & 5 nominations.,1,5,0,0,0,0,0,0,0,0
1216,1 nomination.,0,1,0,0,0,0,0,0,0,0
1217,15 wins & 20 nominations.,15,20,0,0,0,0,0,0,0,0
1218,1 nomination.,0,1,0,0,0,0,0,0,0,0
1219,1 win.,1,0,0,0,0,0,0,0,0,0
1220,1 win & 3 nominations.,1,3,0,0,0,0,0,0,0,0
1221,2 wins & 5 nominations.,2,5,0,0,0,0,0,0,0,0
1222,1 win.,1,0,0,0,0,0,0,0,0,0
1223,4 wins & 10 nominations.,4,10,0,0,0,0,0,0,0,0
1224,2 wins & 6 nominations.,2,6,0,0,0,0,0,0,0,0
1225,1 nomination.,0,1,0,0,0,0,0,0,0,0
1226,4 wins & 4 nominations.,4,4,0,0,0,0,0,0,0,0
1227,1 win & 3 nominations.,1,3,0,0,0,0,0,0,0,0
1228,1 win & 1 nomination.,1,1,0,0,0,0,0,0,0,0
1229,1 win & 1 nomination.,1,1,0,0,0,0,0,0,0,0
1230,1 win & 6 nominations.,1,6,0,0,0,0,0,0,0,0
1231,1 win & 2 nominations.,1,2,0,0,0,0,0,0,0,0
1232,2 nominations.,0,2,0,0,0,0,0,0,0,0
1233,Won 2 Primetime Emmys. Another 7 wins & 23 nominations.,9,23,0,0,0,0,2,0,0,0
1234,3 wins.,3,0,0,0,0,0,0,0,0,0
1235,2 wins.,2,0,0,0,0,0,0,0,0,0
1236,7 wins & 9 nominations.,7,9,0,0,0,0,0,0,0,0
1237,1 nomination.,0,1,0,0,0,0,0,0,0,0
1238,2 wins.,2,0,0,0,0,0,0,0,0,0
1239,2 nominations.,0,2,0,0,0,0,0,0,0,0
1240,2 wins & 3 nominations.,2,3,0,0,0,0,0,0,0,0
1241,6 wins.,6,0,0,0,0,0,0,0,0,0
1242,3 nominations.,0,3,0,0,0,0,0,0,0,0
1243,9 wins & 5 nominations.,9,5,0,0,0,0,0,0,0,0
1244,1 nomination.,0,1,0,0,0,0,0,0,0,0
1245,6 wins & 7 nominations.,6,7,0,0,0,0,0,0,0,0
1246,1 nomination.,0,1,0,0,0,0,0,0,0,0
1247,2 nominations.,0,2,0,0,0,0,0,0,0,0
1248,2 wins & 1 nomination.,2,1,0,0,0,0,0,0,0,0
1249,1 nomination.,0,1,0,0,0,0,0,0,0,0
1250,1 nomination.,0,1,0,0,0,0,0,0,0,0
1251,1 nomination.,0,1,0,0,0,0,0,0,0,0
1252,5 nominations.,0,5,0,0,0,0,0,0,0,0
1253,Nominated for 4 Primetime Emmys. Another 18 wins & 40 nominations.,18,44,4,0,0,0,0,0,0,0
1254,2 wins & 2 nominations.,2,2,0,0,0,0,0,0,0,0
1255,1 win.,1,0,0,0,0,0,0,0,0,0
1256,1 win.,1,0,0,0,0,0,0,0,0,0
1257,1 nomination.,0,1,0,0,0,0,0,0,0,0
1258,Won 2 Golden Globes. Another 3 wins & 3 nominations.,5,3,0,0,0,0,0,0,2,0
1259,Nominated for 1 Primetime Emmy. Another 4 nominations.,0,5,1,0,0,0,0,0,0,0
1260,5 wins.,5,0,0,0,0,0,0,0,0,0
1261,1 win & 3 nominations.,1,3,0,0,0,0,0,0,0,0
1262,1 win.,1,0,0,0,0,0,0,0,0,0
1263,1 nomination.,0,1,0,0,0,0,0,0,0,0
1264,1 nomination.,0,1,0,0,0,0,0,0,0,0
1265,2 nominations.,0,2,0,0,0,0,0,0,0,0
1266,1 nomination.,0,1,0,0,0,0,0,0,0,0
1267,1 win.,1,0,0,0,0,0,0,0,0,0
1268,8 wins.,8,0,0,0,0,0,0,0,0,0
1269,1 nomination.,0,1,0,0,0,0,0,0,0,0
1270,1 nomination.,0,1,0,0,0,0,0,0,0,0
1271,1 nomination.,0,1,0,0,0,0,0,0,0,0
1272,1 nomination.,0,1,0,0,0,0,0,0,0,0
1273,3 wins & 2 nominations.,3,2,0,0,0,0,0,0,0,0
1274,1 win.,1,0,0,0,0,0,0,0,0,0
1275,1 nomination.,0,1,0,0,0,0,0,0,0,0
1276,2 nominations.,0,2,0,0,0,0,0,0,0,0
1277,1 win & 2 nominations.,1,2,0,0,0,0,0,0,0,0
1278,1 win.,1,0,0,0,0,0,0,0,0,0
1279,1 win.,1,0,0,0,0,0,0,0,0,0
1280,1 nomination.,0,1,0,0,0,0,0,0,0,0
1281,Won 1 Golden Globe. Another 12 wins & 39 nominations.,13,39,0,0,0,0,0,0,1,0
1282,1 win.,1,0,0,0,0,0,0,0,0,0
1283,1 win & 1 nomination.,1,1,0,0,0,0,0,0,0,0
1284,3 wins & 5 nominations.,3,5,0,0,0,0,0,0,0,0
1285,1 win.,1,0,0,0,0,0,0,0,0,0
1286,6 nominations.,0,6,0,0,0,0,0,0,0,0
1287,1 win.,1,0,0,0,0,0,0,0,0,0
1288,1 nomination.,0,1,0,0,0,0,0,0,0,0
1289,1 win & 2 nominations.,1,2,0,0,0,0,0,0,0,0
1290,2 nominations.,0,2,0,0,0,0,0,0,0,0
1291,1 nomination.,0,1,0,0,0,0,0,0,0,0
1292,6 wins & 2 nominations.,6,2,0,0,0,0,0,0,0,0
1293,1 win.,1,0,0,0,0,0,0,0,0,0
1294,2 nominations.,0,2,0,0,0,0,0,0,0,0
1295,1 nomination.,0,1,0,0,0,0,0,0,0,0
1296,1 nomination.,0,1,0,0,0,0,0,0,0,0
1297,1 win & 2 nominations.,1,2,0,0,0,0,0,0,0,0
1298,1 win.,1,0,0,0,0,0,0,0,0,0
1299,2 nominations.,0,2,0,0,0,0,0,0,0,0
1300,1 win.,1,0,0,0,0,0,0,0,0,0
1301,2 nominations.,0,2,0,0,0,0,0,0,0,0
1302,2 nominations.,0,2,0,0,0,0,0,0,0,0
1303,1 nomination.,0,1,0,0,0,0,0,0,0,0
1304,1 nomination.,0,1,0,0,0,0,0,0,0,0
1305,1 win & 1 nomination.,1,1,0,0,0,0,0,0,0,0
1306,1 win.,1,0,0,0,0,0,0,0,0,0
1307,3 nominations.,0,3,0,0,0,0,0,0,0,0
1308,1 nomination.,0,1,0,0,0,0,0,0,0,0
1309,1 win & 1 nomination.,1,1,0,0,0,0,0,0,0,0
1310,1 win.,1,0,0,0,0,0,0,0,0,0
1311,1 win & 2 nominations.,1,2,0,0,0,0,0,0,0,0
1312,2 wins & 1 nomination.,2,1,0,0,0,0,0,0,0,0
1313,1 nomination.,0,1,0,0,0,0,0,0,0,0
1314,1 nomination.,0,1,0,0,0,0,0,0,0,0
1315,2 wins.,2,0,0,0,0,0,0,0,0,0
1316,1 nomination.,0,1,0,0,0,0,0,0,0,0
1317,1 win & 1 nomination.,1,1,0,0,0,0,0,0,0,0
1318,8 nominations.,0,8,0,0,0,0,0,0,0,0
1319,3 wins & 2 nominations.,3,2,0,0,0,0,0,0,0,0
1320,15 wins & 6 nominations.,15,6,0,0,0,0,0,0,0,0
1321,1 nomination.,0,1,0,0,0,0,0,0,0,0
1322,1 nomination.,0,1,0,0,0,0,0,0,0,0
1323,1 win.,1,0,0,0,0,0,0,0,0,0
1324,1 win.,1,0,0,0,0,0,0,0,0,0
1325,1 win & 1 nomination.,1,1,0,0,0,0,0,0,0,0
1326,1 nomination.,0,1,0,0,0,0,0,0,0,0
1327,1 win & 2 nominations.,1,2,0,0,0,0,0,0,0,0
1328,2 nominations.,0,2,0,0,0,0,0,0,0,0
1329,1 nomination.,0,1,0,0,0,0,0,0,0,0
1330,1 win.,1,0,0,0,0,0,0,0,0,0
1331,2 wins.,2,0,0,0,0,0,0,0,0,0
1332,1 win & 1 nomination.,1,1,0,0,0,0,0,0,0,0
1333,4 wins & 7 nominations.,4,7,0,0,0,0,0,0,0,0
1334,4 nominations.,0,4,0,0,0,0,0,0,0,0
1335,1 nomination.,0,1,0,0,0,0,0,0,0,0
1336,5 wins & 11 nominations.,5,11,0,0,0,0,0,0,0,0
1337,1 nomination.,0,1,0,0,0,0,0,0,0,0
1338,1 nomination.,0,1,0,0,0,0,0,0,0,0
1339,1 nomination.,0,1,0,0,0,0,0,0,0,0
1340,1 win & 1 nomination.,1,1,0,0,0,0,0,0,0,0
1341,1 nomination.,0,1,0,0,0,0,0,0,0,0
1342,1 nomination.,0,1,0,0,0,0,0,0,0,0
1343,1 nomination.,0,1,0,0,0,0,0,0,0,0
1344,1 nomination.,0,1,0,0,0,0,0,0,0,0
1345,1 win & 2 nominations.,1,2,0,0,0,0,0,0,0,0
1346,1 win & 14 nominations.,1,14,0,0,0,0,0,0,0,0
1347,4 wins & 1 nomination.,4,1,0,0,0,0,0,0,0,0
1348,5 nominations.,0,5,0,0,0,0,0,0,0,0
1349,1 nomination.,0,1,0,0,0,0,0,0,0,0
1350,3 wins & 1 nomination.,3,1,0,0,0,0,0,0,0,0
1351,8 wins & 15 nominations.,8,15,0,0,0,0,0,0,0,0
1352,4 wins & 1 nomination.,4,1,0,0,0,0,0,0,0,0
1353,4 nominations.,0,4,0,0,0,0,0,0,0,0
1354,1 nomination.,0,1,0,0,0,0,0,0,0,0
1355,Nominated for 1 Primetime Emmy. Another 1 nomination.,0,2,1,0,0,0,0,0,0,0
1356,1 win & 3 nominations.,1,3,0,0,0,0,0,0,0,0
1357,1 win.,1,0,0,0,0,0,0,0,0,0
1358,1 win & 1 nomination.,1,1,0,0,0,0,0,0,0,0
1359,1 nomination.,0,1,0,0,0,0,0,0,0,0
1360,2 nominations.,0,2,0,0,0,0,0,0,0,0
1361,1 win.,1,0,0,0,0,0,0,0,0,0
1362,3 nominations.,0,3,0,0,0,0,0,0,0,0
1363,1 win & 2 nominations.,1,2,0,0,0,0,0,0,0,0
1364,3 nominations.,0,3,0,0,0,0,0,0,0,0
1365,1 win & 3 nominations.,1,3,0,0,0,0,0,0,0,0
1366,1 nomination.,0,1,0,0,0,0,0,0,0,0
1367,1 nomination.,0,1,0,0,0,0,0,0,0,0
1368,1 win & 1 nomination.,1,1,0,0,0,0,0,0,0,0
1369,1 win & 2 nominations.,1,2,0,0,0,0,0,0,0,0
1370,1 win & 3 nominations.,1,3,0,0,0,0,0,0,0,0
1371,2 wins & 5 nominations.,2,5,0,0,0,0,0,0,0,0
1372,1 win.,1,0,0,0,0,0,0,0,0,0
1373,2 nominations.,0,2,0,0,0,0,0,0,0,0
1374,4 wins & 5 nominations.,4,5,0,0,0,0,0,0,0,0
1375,1 win.,1,0,0,0,0,0,0,0,0,0
1376,1 nomination.,0,1,0,0,0,0,0,0,0,0
1377,3 wins & 7 nominations.,3,7,0,0,0,0,0,0,0,0
1378,2 wins & 3 nominations.,2,3,0,0,0,0,0,0,0,0
1379,1 nomination.,0,1,0,0,0,0,0,0,0,0
1380,2 nominations.,0,2,0,0,0,0,0,0,0,0
1381,1 nomination.,0,1,0,0,0,0,0,0,0,0
1382,4 wins & 2 nominations.,4,2,0,0,0,0,0,0,0,0
1383,2 wins & 3 nominations.,2,3,0,0,0,0,0,0,0,0
1384,1 nomination.,0,1,0,0,0,0,0,0,0,0
1385,2 wins.,2,0,0,0,0,0,0,0,0,0
1386,1 win.,1,0,0,0,0,0,0,0,0,0
1387,1 win & 1 nomination.,1,1,0,0,0,0,0,0,0,0
1388,3 nominations.,0,3,0,0,0,0,0,0,0,0
1389,2 wins & 1 nomination.,2,1,0,0,0,0,0,0,0,0
1390,6 wins & 5 nominations.,6,5,0,0,0,0,0,0,0,0
1391,1 nomination.,0,1,0,0,0,0,0,0,0,0
1392,2 wins & 1 nomination.,2,1,0,0,0,0,0,0,0,0
1393,Nominated for 1 Primetime Emmy. Another 1 win & 6 nominations.,1,7,1,0,0,0,0,0,0,0
1394,1 nomination.,0,1,0,0,0,0,0,0,0,0
1395,1 nomination.,0,1,0,0,0,0,0,0,0,0
1396,2 wins.,2,0,0,0,0,0,0,0,0,0
1397,1 nomination.,0,1,0,0,0,0,0,0,0,0
1398,1 nomination.,0,1,0,0,0,0,0,0,0,0
1399,2 wins & 4 nominations.,2,4,0,0,0,0,0,0,0,0
1400,1 win & 1 nomination.,1,1,0,0,0,0,0,0,0,0
1401,1 nomination.,0,1,0,0,0,0,0,0,0,0
1402,1 win & 1 nomination.,1,1,0,0,0,0,0,0,0,0
1403,1 win.,1,0,0,0,0,0,0,0,0,0
1404,2 nominations.,0,2,0,0,0,0,0,0,0,0
1405,1 nomination.,0,1,0,0,0,0,0,0,0,0
1406,1 nomination.,0,1,0,0,0,0,0,0,0,0
1407,1 nomination.,0,1,0,0,0,0,0,0,0,0
1408,2 wins & 2 nominations.,2,2,0,0,0,0,0,0,0,0
1409,1 nomination.,0,1,0,0,0,0,0,0,0,0
1410,1 win.,1,0,0,0,0,0,0,0,0,0
1411,2 nominations.,0,2,0,0,0,0,0,0,0,0
1412,2 nominations.,0,2,0,0,0,0,0,0,0,0
1413,2 nominations.,0,2,0,0,0,0,0,0,0,0
1414,2 nominations.,0,2,0,0,0,0,0,0,0,0
1415,1 win & 11 nominations.,1,11,0,0,0,0,0,0,0,0
1416,1 win.,1,0,0,0,0,0,0,0,0,0
1417,1 nomination.,0,1,0,0,0,0,0,0,0,0
1418,3 nominations.,0,3,0,0,0,0,0,0,0,0
1419,1 win.,1,0,0,0,0,0,0,0,0,0
1420,1 win.,1,0,0,0,0,0,0,0,0,0
1421,1 nomination.,0,1,0,0,0,0,0,0,0,0
1422,1 nomination.,0,1,0,0,0,0,0,0,0,0
1423,1 nomination.,0,1,0,0,0,0,0,0,0,0
1424,1 nomination.,0,1,0,0,0,0,0,0,0,0
1425,1 win.,1,0,0,0,0,0,0,0,0,0
1426,1 nomination.,0,1,0,0,0,0,0,0,0,0
1427,2 wins.,2,0,0,0,0,0,0,0,0,0
1428,1 nomination.,0,1,0,0,0,0,0,0,0,0
1429,1 win.,1,0,0,0,0,0,0,0,0,0
1430,1 nomination.,0,1,0,0,0,0,0,0,0,0
1431,4 wins & 7 nominations.,4,7,0,0,0,0,0,0,0,0
1432,1 nomination.,0,1,0,0,0,0,0,0,0,0
1433,1 win & 1 nomination.,1,1,0,0,0,0,0,0,0,0
1434,1 win.,1,0,0,0,0,0,0,0,0,0
1435,1 nomination.,0,1,0,0,0,0,0,0,0,0
1436,1 nomination.,0,1,0,0,0,0,0,0,0,0
1437,2 nominations.,0,2,0,0,0,0,0,0,0,0
1438,3 wins & 4 nominations.,3,4,0,0,0,0,0,0,0,0
1439,1 win.,1,0,0,0,0,0,0,0,0,0
1440,1 win.,1,0,0,0,0,0,0,0,0,0
1441,1 nomination.,0,1,0,0,0,0,0,0,0,0
1442,1 nomination.,0,1,0,0,0,0,0,0,0,0
1443,Nominated for 5 Oscars. Another 6 wins & 1 nomination.,6,6,0,5,0,0,0,0,0,0
1444,1 nomination.,0,1,0,0,0,0,0,0,0,0
1445,1 win.,1,0,0,0,0,0,0,0,0,0
1446,1 win.,1,0,0,0,0,0,0,0,0,0
1447,Won 18 Primetime Emmys. Another 16 wins & 60 nominations.,34,60,0,0,0,0,18,0,0,0
1448,Won 7 Primetime Emmys. Another 25 wins & 84 nominations.,32,84,0,0,0,0,7,0,0,0
1449,2 nominations.,0,2,0,0,0,0,0,0,0,0
1450,Nominated for 2 Oscars. Another 14 wins & 56 nominations.,14,58,0,2,0,0,0,0,0,0
1451,4 wins & 2 nominations.,4,2,0,0,0,0,0,0,0,0
1452,1 win & 5 nominations.,1,5,0,0,0,0,0,0,0,0
1453,6 wins & 53 nominations.,6,53,0,0,0,0,0,0,0,0
1454,Nominated for 1 BAFTA Film Award. Another 2 wins & 28 nominations.,2,29,0,0,0,1,0,0,0,0
1455,3 wins.,3,0,0,0,0,0,0,0,0,0
1456,2 wins & 4 nominations.,2,4,0,0,0,0,0,0,0,0
1457,3 nominations.,0,3,0,0,0,0,0,0,0,0
1458,2 wins & 5 nominations.,2,5,0,0,0,0,0,0,0,0
1459,1 nomination.,0,1,0,0,0,0,0,0,0,0
1460,1 win.,1,0,0,0,0,0,0,0,0,0
1461,4 nominations.,0,4,0,0,0,0,0,0,0,0
1462,7 nominations.,0,7,0,0,0,0,0,0,0,0
1463,2 wins & 6 nominations.,2,6,0,0,0,0,0,0,0,0
1464,4 wins & 11 nominations.,4,11,0,0,0,0,0,0,0,0
1465,1 win & 2 nominations.,1,2,0,0,0,0,0,0,0,0
1466,Nominated for 1 Oscar. Another 8 wins & 28 nominations.,8,29,0,1,0,0,0,0,0,0
1467,2 nominations.,0,2,0,0,0,0,0,0,0,0
1468,1 nomination.,0,1,0,0,0,0,0,0,0,0
1469,1 nomination.,0,1,0,0,0,0,0,0,0,0
1470,1 nomination.,0,1,0,0,0,0,0,0,0,0
1471,1 win & 8 nominations.,1,8,0,0,0,0,0,0,0,0
1472,17 wins & 32 nominations.,17,32,0,0,0,0,0,0,0,0
1473,1 win & 3 nominations.,1,3,0,0,0,0,0,0,0,0
1474,1 win & 3 nominations.,1,3,0,0,0,0,0,0,0,0
1475,17 wins & 28 nominations.,17,28,0,0,0,0,0,0,0,0
1476,2 wins & 16 nominations.,2,16,0,0,0,0,0,0,0,0
1477,2 wins & 2 nominations.,2,2,0,0,0,0,0,0,0,0
1478,Nominated for 1 Golden Globe. Another 5 wins & 39 nominations.,5,40,0,0,1,0,0,0,0,0
1479,2 nominations.,0,2,0,0,0,0,0,0,0,0
1480,3 nominations.,0,3,0,0,0,0,0,0,0,0
1481,1 win & 1 nomination.,1,1,0,0,0,0,0,0,0,0
1482,2 nominations.,0,2,0,0,0,0,0,0,0,0
1483,Won 1 Oscar. Another 91 wins & 95 nominations.,92,95,0,0,0,0,0,1,0,0
1484,3 wins & 3 nominations.,3,3,0,0,0,0,0,0,0,0
1485,5 wins & 10 nominations.,5,10,0,0,0,0,0,0,0,0
1486,1 win.,1,0,0,0,0,0,0,0,0,0
1487,10 nominations.,0,10,0,0,0,0,0,0,0,0
1488,1 nomination.,0,1,0,0,0,0,0,0,0,0
1489,1 win.,1,0,0,0,0,0,0,0,0,0
1490,2 wins & 8 nominations.,2,8,0,0,0,0,0,0,0,0
1491,1 win & 2 nominations.,1,2,0,0,0,0,0,0,0,0
1492,2 nominations.,0,2,0,0,0,0,0,0,0,0
1493,2 wins & 1 nomination.,2,1,0,0,0,0,0,0,0,0
1494,2 wins & 2 nominations.,2,2,0,0,0,0,0,0,0,0
1495,1 win & 6 nominations.,1,6,0,0,0,0,0,0,0,0
1496,Nominated for 1 BAFTA Film Award. Another 1 win & 18 nominations.,1,19,0,0,0,1,0,0,0,0
1497,1 nomination.,0,1,0,0,0,0,0,0,0,0
1498,1 nomination.,0,1,0,0,0,0,0,0,0,0
1499,Nominated for 1 Oscar. Another 9 wins & 18 nominations.,9,19,0,1,0,0,0,0,0,0
1500,1 win.,1,0,0,0,0,0,0,0,0,0
1501,Won 1 Oscar. Another 7 wins & 29 nominations.,8,29,0,0,0,0,0,1,0,0
1502,Nominated for 3 Oscars. Another 32 wins & 141 nominations.,32,144,0,3,0,0,0,0,0,0
1503,2 wins & 18 nominations.,2,18,0,0,0,0,0,0,0,0
1504,5 wins & 41 nominations.,5,41,0,0,0,0,0,0,0,0
1505,7 wins & 14 nominations.,7,14,0,0,0,0,0,0,0,0
1506,1 win & 6 nominations.,1,6,0,0,0,0,0,0,0,0
1507,2 wins & 10 nominations.,2,10,0,0,0,0,0,0,0,0
1508,Nominated for 1 Golden Globe. Another 1 win & 44 nominations.,1,45,0,0,1,0,0,0,0,0
1509,2 nominations.,0,2,0,0,0,0,0,0,0,0
1510,Nominated for 5 Oscars. Another 47 wins & 106 nominations.,47,111,0,5,0,0,0,0,0,0
1511,Won 1 Golden Globe. Another 2 wins & 17 nominations.,3,17,0,0,0,0,0,0,1,0
1512,1 win & 10 nominations.,1,10,0,0,0,0,0,0,0,0
1513,1 nomination.,0,1,0,0,0,0,0,0,0,0
1514,2 wins.,2,0,0,0,0,0,0,0,0,0
1515,6 wins & 33 nominations.,6,33,0,0,0,0,0,0,0,0
1516,1 nomination.,0,1,0,0,0,0,0,0,0,0
1517,2 nominations.,0,2,0,0,0,0,0,0,0,0
1518,3 nominations.,0,3,0,0,0,0,0,0,0,0
1519,1 win & 1 nomination.,1,1,0,0,0,0,0,0,0,0
1520,1 win & 1 nomination.,1,1,0,0,0,0,0,0,0,0
1521,1 nomination.,0,1,0,0,0,0,0,0,0,0
1522,6 wins.,6,0,0,0,0,0,0,0,0,0
1523,1 nomination.,0,1,0,0,0,0,0,0,0,0
1524,1 win & 1 nomination.,1,1,0,0,0,0,0,0,0,0
1525,7 nominations.,0,7,0,0,0,0,0,0,0,0
1526,2 wins.,2,0,0,0,0,0,0,0,0,0
1527,Won 9 Primetime Emmys. Another 17 wins & 17 nominations.,26,17,0,0,0,0,9,0,0,0
1528,1 win.,1,0,0,0,0,0,0,0,0,0
1529,1 nomination.,0,1,0,0,0,0,0,0,0,0
1530,1 win.,1,0,0,0,0,0,0,0,0,0
1531,Nominated for 1 Oscar. Another 2 wins & 49 nominations.,2,50,0,1,0,0,0,0,0,0
1532,5 nominations.,0,5,0,0,0,0,0,0,0,0
1533,1 nomination.,0,1,0,0,0,0,0,0,0,0
1534,1 nomination.,0,1,0,0,0,0,0,0,0,0
1535,2 wins & 4 nominations.,2,4,0,0,0,0,0,0,0,0
1536,1 win & 7 nominations.,1,7,0,0,0,0,0,0,0,0
1537,1 win & 2 nominations.,1,2,0,0,0,0,0,0,0,0
1538,Nominated for 1 Golden Globe. Another 10 wins & 53 nominations.,10,54,0,0,1,0,0,0,0,0
1539,2 nominations.,0,2,0,0,0,0,0,0,0,0
1540,5 nominations.,0,5,0,0,0,0,0,0,0,0
1541,2 wins & 4 nominations.,2,4,0,0,0,0,0,0,0,0
1542,1 win.,1,0,0,0,0,0,0,0,0,0
1543,1 win.,1,0,0,0,0,0,0,0,0,0
1544,1 nomination.,0,1,0,0,0,0,0,0,0,0
1545,3 wins & 4 nominations.,3,4,0,0,0,0,0,0,0,0
1546,2 wins & 2 nominations.,2,2,0,0,0,0,0,0,0,0
1547,4 wins.,4,0,0,0,0,0,0,0,0,0
1548,8 wins & 22 nominations.,8,22,0,0,0,0,0,0,0,0
1549,1 nomination.,0,1,0,0,0,0,0,0,0,0
1550,1 win & 1 nomination.,1,1,0,0,0,0,0,0,0,0
1551,1 nomination.,0,1,0,0,0,0,0,0,0,0
1552,1 win.,1,0,0,0,0,0,0,0,0,0
1553,Nominated for 5 Primetime Emmys. Another 12 nominations.,0,17,5,0,0,0,0,0,0,0
1554,1 win & 4 nominations.,1,4,0,0,0,0,0,0,0,0
1555,2 nominations.,0,2,0,0,0,0,0,0,0,0
1556,Nominated for 7 Primetime Emmys. Another 1 win & 26 nominations.,1,33,7,0,0,0,0,0,0,0
1557,Nominated for 5 Primetime Emmys. Another 2 wins & 11 nominations.,2,16,5,0,0,0,0,0,0,0
1558,Nominated for 11 Primetime Emmys. Another 7 wins & 26 nominations.,7,37,11,0,0,0,0,0,0,0
1559,2 wins.,2,0,0,0,0,0,0,0,0,0
1560,3 wins & 1 nomination.,3,1,0,0,0,0,0,0,0,0
1561,1 nomination.,0,1,0,0,0,0,0,0,0,0
1562,2 nominations.,0,2,0,0,0,0,0,0,0,0
1563,1 nomination.,0,1,0,0,0,0,0,0,0,0
1564,1 win.,1,0,0,0,0,0,0,0,0,0
1565,1 win.,1,0,0,0,0,0,0,0,0,0
1566,1 win & 1 nomination.,1,1,0,0,0,0,0,0,0,0
1567,1 win.,1,0,0,0,0,0,0,0,0,0
1568,Won 1 Primetime Emmy. Another 1 nomination.,1,1,0,0,0,0,1,0,0,0
1569,11 nominations.,0,11,0,0,0,0,0,0,0,0
1570,Nominated for 3 Golden Globes. Another 9 wins & 50 nominations.,9,53,0,0,3,0,0,0,0,0
1571,2 wins & 7 nominations.,2,7,0,0,0,0,0,0,0,0
1572,1 nomination.,0,1,0,0,0,0,0,0,0,0
1573,6 nominations.,0,6,0,0,0,0,0,0,0,0
1574,5 wins & 26 nominations.,5,26,0,0,0,0,0,0,0,0
1575,11 wins.,11,0,0,0,0,0,0,0,0,0
1576,Nominated for 1 Golden Globe. Another 1 win & 10 nominations.,1,11,0,0,1,0,0,0,0,0
1577,2 wins & 5 nominations.,2,5,0,0,0,0,0,0,0,0
1578,1 win & 10 nominations.,1,10,0,0,0,0,0,0,0,0
1579,1 nomination.,0,1,0,0,0,0,0,0,0,0
1580,1 win & 1 nomination.,1,1,0,0,0,0,0,0,0,0
1581,4 wins & 1 nomination.,4,1,0,0,0,0,0,0,0,0
1582,3 wins.,3,0,0,0,0,0,0,0,0,0
1583,Nominated for 3 Primetime Emmys. Another 2 wins & 7 nominations.,2,10,3,0,0,0,0,0,0,0
1584,1 nomination.,0,1,0,0,0,0,0,0,0,0
1585,1 win.,1,0,0,0,0,0,0,0,0,0
1586,1 win.,1,0,0,0,0,0,0,0,0,0
1587,1 win.,1,0,0,0,0,0,0,0,0,0
1588,Won 1 Primetime Emmy. Another 1 win & 13 nominations.,2,13,0,0,0,0,1,0,0,0
1589,Won 4 Primetime Emmys. Another 1 win & 6 nominations.,5,6,0,0,0,0,4,0,0,0
1590,5 wins & 1 nomination.,5,1,0,0,0,0,0,0,0,0
1591,2 nominations.,0,2,0,0,0,0,0,0,0,0
1592,1 win & 1 nomination.,1,1,0,0,0,0,0,0,0,0
1593,3 wins & 19 nominations.,3,19,0,0,0,0,0,0,0,0
1594,8 wins & 6 nominations.,8,6,0,0,0,0,0,0,0,0
1595,5 wins & 8 nominations.,5,8,0,0,0,0,0,0,0,0
1596,1 win & 7 nominations.,1,7,0,0,0,0,0,0,0,0
1597,1 win.,1,0,0,0,0,0,0,0,0,0
1598,1 win & 1 nomination.,1,1,0,0,0,0,0,0,0,0
1599,1 win & 1 nomination.,1,1,0,0,0,0,0,0,0,0
1600,1 win & 3 nominations.,1,3,0,0,0,0,0,0,0,0
1601,6 nominations.,0,6,0,0,0,0,0,0,0,0
1602,1 nomination.,0,1,0,0,0,0,0,0,0,0
1603,4 nominations.,0,4,0,0,0,0,0,0,0,0
1604,1 nomination.,0,1,0,0,0,0,0,0,0,0
1605,2 wins & 8 nominations.,2,8,0,0,0,0,0,0,0,0
1606,1 win & 6 nominations.,1,6,0,0,0,0,0,0,0,0
1607,1 nomination.,0,1,0,0,0,0,0,0,0,0
1608,1 nomination.,0,1,0,0,0,0,0,0,0,0
1609,1 nomination.,0,1,0,0,0,0,0,0,0,0
1610,1 nomination.,0,1,0,0,0,0,0,0,0,0
1611,1 nomination.,0,1,0,0,0,0,0,0,0,0
1612,1 win.,1,0,0,0,0,0,0,0,0,0
1613,1 nomination.,0,1,0,0,0,0,0,0,0,0
1614,7 nominations.,0,7,0,0,0,0,0,0,0,0
1615,4 wins & 6 nominations.,4,6,0,0,0,0,0,0,0,0
1616,2 nominations.,0,2,0,0,0,0,0,0,0,0
1617,1 nomination.,0,1,0,0,0,0,0,0,0,0
1618,1 nomination.,0,1,0,0,0,0,0,0,0,0
1619,1 nomination.,0,1,0,0,0,0,0,0,0,0
1620,1 win.,1,0,0,0,0,0,0,0,0,0
1621,1 nomination.,0,1,0,0,0,0,0,0,0,0
1622,6 wins & 5 nominations.,6,5,0,0,0,0,0,0,0,0
1623,2 wins & 4 nominations.,2,4,0,0,0,0,0,0,0,0
1624,1 win & 4 nominations.,1,4,0,0,0,0,0,0,0,0
1625,2 wins & 5 nominations.,2,5,0,0,0,0,0,0,0,0
1626,Nominated for 3 Primetime Emmys. Another 12 nominations.,0,15,3,0,0,0,0,0,0,0
1627,1 win & 1 nomination.,1,1,0,0,0,0,0,0,0,0
1628,1 win & 4 nominations.,1,4,0,0,0,0,0,0,0,0
1629,3 wins.,3,0,0,0,0,0,0,0,0,0
1630,3 nominations.,0,3,0,0,0,0,0,0,0,0
1631,Won 1 Golden Globe. Another 4 wins & 9 nominations.,5,9,0,0,0,0,0,0,1,0
1632,1 win & 4 nominations.,1,4,0,0,0,0,0,0,0,0
1633,4 wins & 1 nomination.,4,1,0,0,0,0,0,0,0,0
1634,5 wins & 3 nominations.,5,3,0,0,0,0,0,0,0,0
1635,2 nominations.,0,2,0,0,0,0,0,0,0,0
1636,3 wins & 3 nominations.,3,3,0,0,0,0,0,0,0,0
1637,3 nominations.,0,3,0,0,0,0,0,0,0,0
1638,Nominated for 1 Golden Globe. Another 3 wins & 8 nominations.,3,9,0,0,1,0,0,0,0,0
1639,3 nominations.,0,3,0,0,0,0,0,0,0,0
1640,1 win & 3 nominations.,1,3,0,0,0,0,0,0,0,0
1641,Won 2 Golden Globes. Another 15 wins & 26 nominations.,17,26,0,0,0,0,0,0,2,0
1642,2 nominations.,0,2,0,0,0,0,0,0,0,0
1643,1 win.,1,0,0,0,0,0,0,0,0,0
1644,3 wins & 5 nominations.,3,5,0,0,0,0,0,0,0,0
1645,1 win & 4 nominations.,1,4,0,0,0,0,0,0,0,0
1646,2 wins.,2,0,0,0,0,0,0,0,0,0
1647,1 nomination.,0,1,0,0,0,0,0,0,0,0
1648,1 win.,1,0,0,0,0,0,0,0,0,0
1649,3 wins & 3 nominations.,3,3,0,0,0,0,0,0,0,0
1650,1 nomination.,0,1,0,0,0,0,0,0,0,0
1651,7 wins & 3 nominations.,7,3,0,0,0,0,0,0,0,0
1652,1 win & 4 nominations.,1,4,0,0,0,0,0,0,0,0
1653,1 nomination.,0,1,0,0,0,0,0,0,0,0
1654,Nominated for 1 Oscar. Another 5 wins & 15 nominations.,5,16,0,1,0,0,0,0,0,0
1655,2 wins.,2,0,0,0,0,0,0,0,0,0
1656,1 win.,1,0,0,0,0,0,0,0,0,0
1657,1 win & 3 nominations.,1,3,0,0,0,0,0,0,0,0
1658,Nominated for 4 Primetime Emmys. Another 1 win & 1 nomination.,1,5,4,0,0,0,0,0,0,0
1659,1 nomination.,0,1,0,0,0,0,0,0,0,0
1660,2 nominations.,0,2,0,0,0,0,0,0,0,0
1661,2 wins & 2 nominations.,2,2,0,0,0,0,0,0,0,0
1662,1 nomination.,0,1,0,0,0,0,0,0,0,0
1663,4 wins & 12 nominations.,4,12,0,0,0,0,0,0,0,0
1664,2 wins.,2,0,0,0,0,0,0,0,0,0
1665,2 wins & 1 nomination.,2,1,0,0,0,0,0,0,0,0
1666,1 win.,1,0,0,0,0,0,0,0,0,0
1667,Nominated for 1 Primetime Emmy. Another 1 win & 5 nominations.,1,6,1,0,0,0,0,0,0,0
1668,1 nomination.,0,1,0,0,0,0,0,0,0,0
1669,2 wins & 4 nominations.,2,4,0,0,0,0,0,0,0,0
1670,7 wins & 6 nominations.,7,6,0,0,0,0,0,0,0,0
1671,3 wins & 1 nomination.,3,1,0,0,0,0,0,0,0,0
1672,1 win & 1 nomination.,1,1,0,0,0,0,0,0,0,0
1673,1 win & 4 nominations.,1,4,0,0,0,0,0,0,0,0
1674,3 wins & 9 nominations.,3,9,0,0,0,0,0,0,0,0
1675,9 wins & 3 nominations.,9,3,0,0,0,0,0,0,0,0
1676,1 nomination.,0,1,0,0,0,0,0,0,0,0
1677,2 wins & 2 nominations.,2,2,0,0,0,0,0,0,0,0
1678,4 wins.,4,0,0,0,0,0,0,0,0,0
1679,2 nominations.,0,2,0,0,0,0,0,0,0,0
1680,2 wins & 2 nominations.,2,2,0,0,0,0,0,0,0,0
1681,1 nomination.,0,1,0,0,0,0,0,0,0,0
1682,1 win & 4 nominations.,1,4,0,0,0,0,0,0,0,0
1683,1 win & 3 nominations.,1,3,0,0,0,0,0,0,0,0
1684,1 nomination.,0,1,0,0,0,0,0,0,0,0
1685,3 wins.,3,0,0,0,0,0,0,0,0,0
1686,2 wins & 2 nominations.,2,2,0,0,0,0,0,0,0,0
1687,1 win.,1,0,0,0,0,0,0,0,0,0
1688,6 wins & 4 nominations.,6,4,0,0,0,0,0,0,0,0
1689,2 wins.,2,0,0,0,0,0,0,0,0,0
1690,1 nomination.,0,1,0,0,0,0,0,0,0,0
1691,1 win & 4 nominations.,1,4,0,0,0,0,0,0,0,0
1692,2 nominations.,0,2,0,0,0,0,0,0,0,0
1693,1 nomination.,0,1,0,0,0,0,0,0,0,0
1694,1 nomination.,0,1,0,0,0,0,0,0,0,0
1695,5 wins.,5,0,0,0,0,0,0,0,0,0
1696,1 nomination.,0,1,0,0,0,0,0,0,0,0
1697,5 wins & 7 nominations.,5,7,0,0,0,0,0,0,0,0
1698,1 nomination.,0,1,0,0,0,0,0,0,0,0
1699,Nominated for 2 Primetime Emmys. Another 3 nominations.,0,5,2,0,0,0,0,0,0,0
1700,1 nomination.,0,1,0,0,0,0,0,0,0,0
1701,4 wins.,4,0,0,0,0,0,0,0,0,0
1702,1 win & 1 nomination.,1,1,0,0,0,0,0,0,0,0
1703,1 nomination.,0,1,0,0,0,0,0,0,0,0
1704,1 nomination.,0,1,0,0,0,0,0,0,0,0
1705,1 win & 2 nominations.,1,2,0,0,0,0,0,0,0,0
1706,2 nominations.,0,2,0,0,0,0,0,0,0,0
1707,1 nomination.,0,1,0,0,0,0,0,0,0,0
1708,1 win.,1,0,0,0,0,0,0,0,0,0
1709,1 nomination.,0,1,0,0,0,0,0,0,0,0
1710,1 nomination.,0,1,0,0,0,0,0,0,0,0
1711,1 nomination.,0,1,0,0,0,0,0,0,0,0
1712,Nominated for 1 Primetime Emmy. Another 1 win.,1,1,1,0,0,0,0,0,0,0
1713,1 win.,1,0,0,0,0,0,0,0,0,0
1714,2 wins.,2,0,0,0,0,0,0,0,0,0
1715,6 wins & 6 nominations.,6,6,0,0,0,0,0,0,0,0
1716,4 nominations.,0,4,0,0,0,0,0,0,0,0
1717,1 win & 1 nomination.,1,1,0,0,0,0,0,0,0,0
1718,2 nominations.,0,2,0,0,0,0,0,0,0,0
1719,1 nomination.,0,1,0,0,0,0,0,0,0,0
1720,3 wins & 1 nomination.,3,1,0,0,0,0,0,0,0,0
1721,1 nomination.,0,1,0,0,0,0,0,0,0,0
1722,1 nomination.,0,1,0,0,0,0,0,0,0,0
1723,1 win & 7 nominations.,1,7,0,0,0,0,0,0,0,0
1724,5 wins & 13 nominations.,5,13,0,0,0,0,0,0,0,0
1725,1 nomination.,0,1,0,0,0,0,0,0,0,0
1726,1 nomination.,0,1,0,0,0,0,0,0,0,0
1727,1 nomination.,0,1,0,0,0,0,0,0,0,0
1728,1 win.,1,0,0,0,0,0,0,0,0,0
1729,3 wins & 2 nominations.,3,2,0,0,0,0,0,0,0,0
1730,1 nomination.,0,1,0,0,0,0,0,0,0,0
1731,1 nomination.,0,1,0,0,0,0,0,0,0,0
1732,2 nominations.,0,2,0,0,0,0,0,0,0,0
1733,3 wins & 22 nominations.,3,22,0,0,0,0,0,0,0,0
1734,1 nomination.,0,1,0,0,0,0,0,0,0,0
1735,1 win.,1,0,0,0,0,0,0,0,0,0
1736,1 nomination.,0,1,0,0,0,0,0,0,0,0
1737,2 wins.,2,0,0,0,0,0,0,0,0,0
1738,1 nomination.,0,1,0,0,0,0,0,0,0,0
1739,1 nomination.,0,1,0,0,0,0,0,0,0,0
1740,2 nominations.,0,2,0,0,0,0,0,0,0,0
1741,1 win.,1,0,0,0,0,0,0,0,0,0
1742,1 win & 3 nominations.,1,3,0,0,0,0,0,0,0,0
1743,2 wins & 3 nominations.,2,3,0,0,0,0,0,0,0,0
1744,1 win & 1 nomination.,1,1,0,0,0,0,0,0,0,0
1745,1 nomination.,0,1,0,0,0,0,0,0,0,0
1746,4 nominations.,0,4,0,0,0,0,0,0,0,0
1747,2 wins & 2 nominations.,2,2,0,0,0,0,0,0,0,0
1748,2 nominations.,0,2,0,0,0,0,0,0,0,0
1749,1 nomination.,0,1,0,0,0,0,0,0,0,0
1750,1 nomination.,0,1,0,0,0,0,0,0,0,0
1751,1 nomination.,0,1,0,0,0,0,0,0,0,0
1752,1 win.,1,0,0,0,0,0,0,0,0,0
1753,Nominated for 1 Oscar. Another 1 win & 3 nominations.,1,4,0,1,0,0,0,0,0,0
1754,2 wins & 1 nomination.,2,1,0,0,0,0,0,0,0,0
1755,1 win & 7 nominations.,1,7,0,0,0,0,0,0,0,0
1756,1 nomination.,0,1,0,0,0,0,0,0,0,0
1757,1 win & 1 nomination.,1,1,0,0,0,0,0,0,0,0
1758,2 wins & 2 nominations.,2,2,0,0,0,0,0,0,0,0
1759,2 wins & 7 nominations.,2,7,0,0,0,0,0,0,0,0
1760,Nominated for 1 Oscar. Another 1 nomination.,0,2,0,1,0,0,0,0,0,0
1761,1 nomination.,0,1,0,0,0,0,0,0,0,0
1762,1 nomination.,0,1,0,0,0,0,0,0,0,0
1763,1 nomination.,0,1,0,0,0,0,0,0,0,0
1764,1 win & 10 nominations.,1,10,0,0,0,0,0,0,0,0
1765,1 win & 1 nomination.,1,1,0,0,0,0,0,0,0,0
1766,1 nomination.,0,1,0,0,0,0,0,0,0,0
1767,1 nomination.,0,1,0,0,0,0,0,0,0,0
1768,5 wins & 10 nominations.,5,10,0,0,0,0,0,0,0,0
1769,4 wins & 5 nominations.,4,5,0,0,0,0,0,0,0,0
1770,4 wins.,4,0,0,0,0,0,0,0,0,0
1771,1 nomination.,0,1,0,0,0,0,0,0,0,0
1772,1 win & 2 nominations.,1,2,0,0,0,0,0,0,0,0
1773,3 wins.,3,0,0,0,0,0,0,0,0,0
1774,1 win.,1,0,0,0,0,0,0,0,0,0
1775,1 win.,1,0,0,0,0,0,0,0,0,0
1776,6 wins.,6,0,0,0,0,0,0,0,0,0
1777,1 nomination.,0,1,0,0,0,0,0,0,0,0
1778,2 wins & 7 nominations.,2,7,0,0,0,0,0,0,0,0
1779,1 nomination.,0,1,0,0,0,0,0,0,0,0
1780,1 win.,1,0,0,0,0,0,0,0,0,0
1781,4 nominations.,0,4,0,0,0,0,0,0,0,0
1782,1 nomination.,0,1,0,0,0,0,0,0,0,0
1783,1 nomination.,0,1,0,0,0,0,0,0,0,0
1784,1 win.,1,0,0,0,0,0,0,0,0,0
1785,1 win.,1,0,0,0,0,0,0,0,0,0
1786,1 nomination.,0,1,0,0,0,0,0,0,0,0
1787,1 nomination.,0,1,0,0,0,0,0,0,0,0
1788,1 win.,1,0,0,0,0,0,0,0,0,0
1789,5 wins.,5,0,0,0,0,0,0,0,0,0
1790,1 win.,1,0,0,0,0,0,0,0,0,0
1791,2 nominations.,0,2,0,0,0,0,0,0,0,0
1792,1 nomination.,0,1,0,0,0,0,0,0,0,0
1793,1 nomination.,0,1,0,0,0,0,0,0,0,0
1794,1 win.,1,0,0,0,0,0,0,0,0,0
1795,1 nomination.,0,1,0,0,0,0,0,0,0,0
1796,1 win.,1,0,0,0,0,0,0,0,0,0
1797,1 nomination.,0,1,0,0,0,0,0,0,0,0
1798,2 nominations.,0,2,0,0,0,0,0,0,0,0
1799,1 nomination.,0,1,0,0,0,0,0,0,0,0
1800,2 nominations.,0,2,0,0,0,0,0,0,0,0
1801,2 wins & 2 nominations.,2,2,0,0,0,0,0,0,0,0
1802,2 nominations.,0,2,0,0,0,0,0,0,0,0
1803,2 wins & 2 nominations.,2,2,0,0,0,0,0,0,0,0
1804,2 wins & 1 nomination.,2,1,0,0,0,0,0,0,0,0
1805,1 nomination.,0,1,0,0,0,0,0,0,0,0
1806,1 nomination.,0,1,0,0,0,0,0,0,0,0
1807,1 nomination.,0,1,0,0,0,0,0,0,0,0
1808,2 nominations.,0,2,0,0,0,0,0,0,0,0
1809,1 win.,1,0,0,0,0,0,0,0,0,0
1810,1 win.,1,0,0,0,0,0,0,0,0,0
1811,1 nomination.,0,1,0,0,0,0,0,0,0,0
1812,1 nomination.,0,1,0,0,0,0,0,0,0,0
1813,2 nominations.,0,2,0,0,0,0,0,0,0,0
1814,2 nominations.,0,2,0,0,0,0,0,0,0,0
1815,1 nomination.,0,1,0,0,0,0,0,0,0,0
1816,1 win & 1 nomination.,1,1,0,0,0,0,0,0,0,0
1817,7 nominations.,0,7,0,0,0,0,0,0,0,0
